accountid,summonername,championsplayed,championpoollabel
__-egk74GrjrETlFXZJefFisd2Xf6Wmo7_kK3DkL9k9KZQU,Greenday,1,"champion spoon"
__0iqdWzfukcjGjn_NHUFFbrID3W_E7RrYIUIYw3x5Upce9PI-qbEQT4,너를비웃다,1,"champion spoon"
__0tXdLo3SjdiHjakeJgStZm5B2MA7DnYd1Pl2dpJwpB,"발모크 올리기",1,"champion spoon"
__2zviIiwj5RtscFeBabzqDM6CWDwe3cGxa2tTrF1ytP,싱숭생슝,1,"champion spoon"
__7tvbAQPrA9MS_T8N9xGfRRyW9HJj3DU5SphuHJteTD,지상님,1,"champion spoon"
__9Eq1mXZ-YeynGvaPbm8cOuY6NTAB-626kmBqpQSRPyFDKqOlCi-Z-1,"52지는 52시",1,"champion spoon"
__a24yHOclwsjWL448BK4J7neYHe7JC53WWsZKvZIPah,지수김,1,"champion spoon"
__A4FdTlrqfEec1AFVSFH9Ain-d_LoK6nK6viyofks43A3dTsbN0oCqF,12ating,1,"champion spoon"
__af-MhMbO4R_cgGDSxE2lDMGJxaDNmMGp3iejyHyqrE,빅픽쳐전문가,1,"champion spoon"
__ARaGdFPHpmQ5fUvKnfB1uKZcNyxFPTQMsUV94IkYyb,스페셜봇,1,"champion spoon"
__bMUS4dG_75vEgxWE3cmVdZNKeJgBkAM7mCGloN8q3F,이지서포트,1,"champion spoon"
__bsN_EXILrlRnn9mrZnTy6ECkPtDbqgOuueF-ufEbUP,뚜렛킹,1,"champion spoon"
__cUr0v_zOWNx3EvZNJ6NxrI71FRoFIO3pn-zjCgU7_b,"개가 돼요",1,"champion spoon"
__dd0gEJpKHyG9Z2eOLCNob7qJeHA0Ccg0kwwDZ9R5iF,밥먹고올게여,2,"champion spoon"
__DoJQtkhS1hCS3NBcrrPFJroBxYVAgUa5qu0COH2SLH51I,니달리주면캐리해,1,"champion spoon"
__EdWvU7vmK9f60ykQUQ55YtjyPFsRl1_Ral3Z_6mi85,용꼬리뱀꼬리,1,"champion spoon"
__eKQSqDBOJMFLmgWdVELvw2lqZZqQUGJxE4m1879ivT,"주 명성",1,"champion spoon"
__g8v9f5LaxpZ-DmRE97u31Vqy73ggzK-vFwNAgqg3v_,안개덩어리,2,"champion spoon"
__Ghh5Bn3c2UJrg_yFPySxEhsKVZ9B5YWH5gb-gcQL7K,이름바꾸지말자,7,"champion pool"
__igei0OPr87Fy-kITwYkqs7vaVocK6TvcqyEW9JVK26,로제니아,4,"champion spoon"
__iJqqkJ8Pk80qVQVK6i6L94pDteJ4t3EfWDbPClOKvR,키르쇼프,1,"champion spoon"
__iKQC4ZCJWCHOwhhwofdy5n5iaOIIYIGlSs31OmLJ0o,Czzzzz,17,"champion pool"
__It-rvO4qNzd8X3mHPyiQLVEUWPyHrI5t06Tz0numT-Pzc,코악물쥐,1,"champion spoon"
__ItSD7wINUMoV8AzvqQbDsJJXZhzxKhuDXYQq0bbqvMNSk,아이스티1500원,1,"champion spoon"
__J_vkjxTR1Bcuj0W1i-2IiK5I4lN3EPfJ3wumS5NSiklwY,"유 슬 하",1,"champion spoon"
__jjqCM91_MA7nA-MWUM_h5v54aEyYLaFqHKZ4OJ9mZr,진우짱짱,1,"champion spoon"
__JL27Iz8Xu94kjtGut4am-CiRBjTqhvZTaaq70ZtuAG,족구튼게농구있네,2,"champion spoon"
__JYpLPXb6nKjyhcaxnAlCXt_XSQpFzQhd0s7kbHY7YaYnCx9bS7eozZ,"wOw 94",1,"champion spoon"
__Koq-YlYyRu6rBS7zFJ4vbPorADugt-GPquh5g2KgU,훠궈박,1,"champion spoon"
__M0wUoh14dXsmFxdaLebRntF9QblATwRqIiQKGZ1d2GH1g,"늘 그렇게 웃어줘",1,"champion spoon"
__mgvGtv9TS9Eq5_w38DeKG6TbNbkW-zGyvBHfLVnAMSZIs,스턱스넷,1,"champion spoon"
__MwRUHBALaHmToF1CAFv3mLaEiSHnJFM4ANJVdZxBc,NANAN,1,"champion spoon"
__N-r1UTBXgFeKSGBGMJQXSFhEA5CbMTQ7fzDMe9bet8,항상맑음,1,"champion spoon"
__nFxdgMKgy-iqbhBto1oJlzxAFFkfnSqyUoylFx5Cq-8t0,"Eat It ",1,"champion spoon"
__NgLqZclkJvKiAi4In2_2R7WPSmqA68eXkIesfotP7bO-U,뿌엄뿌엄,1,"champion spoon"
__oeyaVxtELTEgcZy4qvzIKMgRdn1IpmEuzrFX5vHcxNsdw,spdas,1,"champion spoon"
__rOk8ZdxR00jwd-PB-R94KUe4oUf5kGhxinQD2fankP2KceQ_tayoMI,까까안먹는채성,1,"champion spoon"
__SYJiz317-lAvIR-JAohhQx8gicVs1w9dzxc0ibw6KB4Bf6mwJxtd_f,lIIIlIIIIllIll,33,"champion sea"
__tVhHF_yNahDu6sjhTDNQSIhpRH1NxYbFs2-wRmZMnR,샤론님,1,"champion spoon"
__uJDoliGg-3BNEMWFvWVJZrbs8vU3LIJNqpmvkGyXC2Xo0,"다음 도발은 너야",1,"champion spoon"
__uRoOE-JcP3BOkubhW_IK7zG4iCNzf7y76Rkx9OYRcvqgg,월드해비급챔피언,2,"champion spoon"
__VFVg_ShgpbABfZxC0IBhsOJJ6h2fHRNLjH7C5ajRvTVqk,어림없는똥,1,"champion spoon"
__vhZFh_oyLP06l6HvwiR9Zhn7ZXVgeXqyx-28wOC-Tn,ShowNow,1,"champion spoon"
__Vn2-vqE1cgmnYpzcsGNvnVqo7ryenLHHf9Wg5lBotspRE,"SKT T1 준K",1,"champion spoon"
__VouLshejDqJZjH7h8GZdTpsySFCtRhrJsX_5H2KOGBjeE,뇨리킹조리킹,1,"champion spoon"
__W8zm6YHL4hJM2tnSMf5_YuYuMqaOSHcgabKJTGhi7K2VY,"응 대",1,"champion spoon"
__WAk3-4r7GxLA0ix_HL0VUSP88gj8cVX0SbxyUGG2U9,고터람보르기니,1,"champion spoon"
__wKGo0pXpnn-gH8GDvGhtP-HGnyPdNEYurtM6XPpmNC,CLODEKA,1,"champion spoon"
__wQCWikvrEDBCPfdcq8VdgEBBprn14LMkcqsCVNaOiz,Grrrr칵칵,3,"champion spoon"
__wy4nEGMTb60-qf4IER1J1HDQEVkhvPtlXOO4lO1g8k,수호자아리봇,2,"champion spoon"
__x4b3y8FlHeGntCZ9VBwOE4izkiZuGAK4jZEjqr2Jn2,성섹관계토대왕,1,"champion spoon"
__XaDra3fijwmgusU44lYua_9d4TT6LMeDy9nG5w5RbChMM,이돼지들아,1,"champion spoon"
_-0MMmufksdQkDbvnMFBzWg1GtvAEkHi517KJ384yEwY,칼부0랄나락,2,"champion spoon"
_-1faxEg7t7ycFkzPsfChNsXi2VvV-iT5rAi0RcVEj8TrLE,"날뜩한 총",1,"champion spoon"
_-1kIctYTh15wN-mnDoDXhR2m6EVWnDgboUeQkuk0JAf,"고 태 진",1,"champion spoon"
_-1oATabHdOZ9FoVovYoiHRdGTe0V5STzGwQ3tFoWULJ,"개미 17마리",1,"champion spoon"
_-2JCg2fkEsxhNgD3Zw3ptMVchzTxlxmdumtKqbfn5KWyTo,즐라탄탄추고,1,"champion spoon"
_-3EpRLRDQnGvKgp3igfrIFLw30bC15ZMOF-n57UfgWQHjLRWjJHF_2-,SUEL,1,"champion spoon"
_-3rklAtKAeFSph-G0zgYKuHNz7DsJEN9kNug4HQWc6t,단비는서폿할래,2,"champion spoon"
_-49disqfNBgYeTXK9TL_Hk4bLorswCkD3ypDP2CdI3iGN4,"코그모 미아",1,"champion spoon"
_-4sl5HU_fmcuzzI22klK0mVj_GaP7Sx9vxC6451C0M3A9c_vfu57yje,"저는 달려요",1,"champion spoon"
_-5rFjFrcHRloiO3MOQaeNO3E1i8YbMLdsuzqmkVDpW6Fg4,Poky,3,"champion spoon"
_-6dJ9ukkudp7EseVxdMcbBI5RK1s96uo0XZj9butDv2,GODMlD,3,"champion spoon"
_-6TAopb3sX8wrw0RynWLqHbNmfsqsX-4ONxhjoGNACYN5M,그냥다패는계정,1,"champion spoon"
_-75_6yx8IvyTMrsXt5x-UOGejlAyTsm2ozY3EsO3gS_,"오 꾸rrrrrrr",1,"champion spoon"
_-7Bp4z5SdV2STQcHiCzenokXWxGSxYqjHbqmiy_A1AGyGk,"아이엠 타이론",14,"champion pool"
_-7ye8u860eHnbDd3RgFaQTrs1eG_EEossAUMP2TPbJ6,단방에주님곁으로,1,"champion spoon"
_-AYuSKYNwJS0CrPsfmX8r2t7Z7ccQgLD94ob84r79tel3M,"Fnatic Rengar",1,"champion spoon"
_-BmvhUptPRJFnj3gTmAxFBd-S5rBz2eLvnEKBnASj8b,1등남편감전승환,1,"champion spoon"
_-C2suLH9C8kXpNwJINVmrZnS3XUu_Z8jSzZcODaBoQXvrwd5r6-uyPO,"원딜 갭",1,"champion spoon"
_-cCc04XOWz0JoMfKP9_wfFveWGJ5VhHP4kThj4GMMZtuOccYc6XsxHz,"혜지는 정글가욧",1,"champion spoon"
_-czKqAWEu8hotRyG8Sgq8x-TMI7OYAFQY653IcBhFdVpye4ZoFZ1UZo,"Trevor Daniel",1,"champion spoon"
_-dAUZl9ir88l1bxnAaYRwnXJBbPDv8uixUOCUxv7VvD1zc,전국낙지협회,1,"champion spoon"
_-EgpaESMFyi1ldrm9nZXQTR0SsX-ebEB1SCgqk5yqaA,개비린내,1,"champion spoon"
_-FM6IzQgngElBfoTIe0cDBnSruyUYWNlErhOFAH8KzB-IQ,"나 프레이다 ",1,"champion spoon"
_-fO73HFD2fVKg7MkCzxPVkR6jFvYl6iHh2VOecZayTMhk0,예찬론,1,"champion spoon"
_-Ftt2FAHt15RpMCSBIzQ8l_1ubPs9hUUUICGy79kBEODfg,psok02,1,"champion spoon"
_-GyvL9u3U-bXRlO5Atnak7UiHSrtpwWFCr5JVcwnu4-W74,Mmelon,1,"champion spoon"
_-hiV99lAtADddvrXgTEOqIRIZbR4fPO9cbIVyHsnU7-,Sm3K,3,"champion spoon"
_-HjdDond-AaTD4rHbRhsJ1Y1nSFUEW-5IFsBga4Q3ueYSjp6FlQUfXn,"CL RED",2,"champion spoon"
_-IegLh5_jEAzCMRGCEqizZ59RUtUyseJjcBw2vYeOOvOrI,"비 버 색",1,"champion spoon"
_-IH4-DQVEwScyIm9OyTMMYvP5hmChs0ySBooSxUQevK_g_oyIEEC_uJ,"only sama",4,"champion spoon"
_-jzVHVK7Wjuy5Lo-Pwd8CYPHEosLtxcXRJilYYxU1v1veI,"aL RD",1,"champion spoon"
_-KUJfaGpgltkkjHN5bldaPQs5fjAmMGxmByYiTsMIBh,"거 아갈빡좀 닫자",1,"champion spoon"
_-La6HhVIK0QuNrH2D6ldkiRUcWHaIeGVJJFqzAvcRGB8Lp1YwJRgc2y,"Afuro Terumi",4,"champion spoon"
_-Ldf8yxEdHM4QEJwiyIkCTsd_WaFS461lxLwd-l72dy,Parallelife,1,"champion spoon"
_-LkmLbVkHEtPLUHoeF86qsoSL2UoDHmL5Cz8-_iTwj_,스히에,1,"champion spoon"
_-nh5g6ssPmLKrLWBWLezRgPSDL4sbehtXWWQQ5PbwG4H4g,사이코패스암살자,1,"champion spoon"
_-nm-FLe_kgfFpPwrw6eHe61-CSS0F8yp-bxzyL-bvrq5QQ,qwepfoiqhsdjg,4,"champion spoon"
_-OHUPoGviwmGALzzCKhT2SQqyqWSLCugMaIIEWqeUs,캐리담당,2,"champion spoon"
_-OoQFcYKTv9ZuikAF_vmaLohP77GpmQiRcw02b8UVlN23mNrUDtILGV,폭주한바나나,1,"champion spoon"
_-q3S5qlniDVIm5pnv094YgblQHvuXUSRgS7s_wAeWTuTR0,농사짓는티모,1,"champion spoon"
_-QaG6oM0GWPwmWG4TyQm0cG4VlgKMg6oqJDS5wwJJjK,섶자리다리밑,1,"champion spoon"
_-QgMq3LcnkBt60rI_w1HnbE9KOHy7Oh4FjC6QATYB3SSWE,Azuredays,2,"champion spoon"
_-RMJoZZKT9WNWhG8kCv7P0zKB9GrIpsUwMXNjjGbjMp2PGICdmtQesR,"봉골페 러스타",2,"champion spoon"
_-sbU6c-8pgJK6q2dDz0dGEYzJIrhyX37ugOYp-R-NFK,"마피아 잔나",2,"champion spoon"
_-T9ONJZJKWfC_R2L_9cu0e1c6OkaAXFUqwSM-3ZalqXglQ,앵두잎,2,"champion spoon"
_-tOYeZYQYI1fVeLm8nmJWXiUXPZ8vfHmhtFGjBfCpgi,바위게못간다니깐,1,"champion spoon"
_-UwojmkneptSrss73lGT1PhXcLzL5bgq8qwkq-Vtug,Bourbon,1,"champion spoon"
_-v56NLsEHqtrqAdOBWAEsgmZYw91ZCqZi2AmGSyVn9yzKNc8CqF0fWN,boxtxer,1,"champion spoon"
_-v6GS9T5_o5z7Bg3LpPXn351Lkv2BunwuBQvRNVJeOBj-c,"국보급 플레이어",1,"champion spoon"
_-Vwuxo0H6eaayZf08ijf1AyL_RNPNfpYTLiKsrSMLGIezc,"Hack Deal",3,"champion spoon"
_-wjGXEJqAPgM8-Gqb2yTQU2zMNiBeW1aFRdsjCOJp0f,세또죽,2,"champion spoon"
_-xQ2ASxITIe--rWWEs1oqhrjRipLGAl-PZWxo-uBrzHxc8,지돌이순이,1,"champion spoon"
_-xT8YGgOEF_AF1BtqfqXg3sbLaqnFuGidUZsbM6nza9,"under the willow",5,"champion spoon"
_-ySDL2gbIlvq_7nUcZ8GCURj88sah8LA2M_XtyxEhschVg,풉키풉키3,1,"champion spoon"
_0_eNAAM56mHFxr2fmV70_5AXxsc39ikvL5nsCr6Wg0U5yaOjVu4CVoB,Airest,1,"champion spoon"
_0-BK1ASw4IXqqp9Hj30GiZVgg-s7o8HpD3QpMnkZsdBGGWHL07-Sv6x,나랑연예하자,1,"champion spoon"
_01k8Gby-CVFB3iYA8EzUrakQOwX6-DaU2_-JNHm6jRW,으앙롤패치당,1,"champion spoon"
_026Dw72ZxJP19Fwc3iRFyqHvmOflVlpoHTfBlYAguJNmHk,원종서,1,"champion spoon"
_02AwohHIEqXUMPNpU7wGGWOmOYwvv5ZgD7ourAocN5U754,흔히스쳐간사람,1,"champion spoon"
_02sFq_VEFNRKyNa_B7MIyURi4i8EQ_J6eejS4_EfyZlWys,않이외그레진자,1,"champion spoon"
_03xMKxTUHtPbByVlhGvrXHeaxaelIHdHyVtYb3xvZ8j,속보치매문재인,1,"champion spoon"
_04najn3kbPWHSq6kUHtMZnaE91JubOsintnAw0qfZtcgmU,내숭백단호박씨,1,"champion spoon"
_0643Znn_wq3vdp5a2uEJYcxzxAGR2LllTjuHW_St59sF48,"윳 키",35,"champion sea"
_07D7gJhxjZO-VN3Ylv3OCHTjE1sRCUzCWTiGCzsL0g_qpHm5KCrQYxK,A비무쌍,19,"champion pool"
_081mtxfcyafh1uOEE9M6v0GGwUw3o-uxLh8QbaMfrVPYEs,리신짱짱,2,"champion spoon"
_09CSYp7YSKWIT5um-NZvQreUv2-hrBaKPVeXQWUsJky,니코네코지아코,2,"champion spoon"
_0AC6XyyHbzkBR18hFIpR_yXyse9O1wZ5rzd8Tk-2AI90ro,무적별사탕,4,"champion spoon"
_0b7l3n4H2m0GcvZNE0fRG6PXp-9ETC26TZfikmYatRrKye1GsvXXhdf,자크라면,1,"champion spoon"
_0BPYAk1LHaVsVTq3QbLugRehPbWLU_61wPwZy1b_fNE,탱탱텡탱탱텡탱텡,2,"champion spoon"
_0bstgAgF5YULJ6UUIYfiahuKkSfDbp0ygyuBZKedf3pWykOlVnSMD8o,아이언4는대단해,1,"champion spoon"
_0co2fFySMVYgS3tFpoF61fnZlCPeAhIevYnC5HN425Mo6Q,"Clean Rain",1,"champion spoon"
_0E98k9mI_ssiXUlVpOMQUsSH2X8nY1yobdxWsKfqH4U,정글에원수진사람,1,"champion spoon"
_0eEHwb9JBoDE3aE0m0n7BmKme19AW4dAjpwMVgdWdMq,SLIPKN0T,1,"champion spoon"
_0eX-la8wk7xuQ7en9J9ncJZRrH0J5y03kcCYa-JEMYK,당기면죽일수있다,1,"champion spoon"
_0hYVjUSwKYqcCqqxsBqYrwOFn0yhu6CavdaArxm1jaj,동hee쓰타일,1,"champion spoon"
_0I2Mkem9ZPcYUY02jcTgOysiAzl0jle-JxMETBrd6XA,라임캔디,1,"champion spoon"
_0jz1fo2g_p9XUWBoh1lqmfyW1U7mDm7ieGz8QvLUClxTuX43Ql9n1RO,일광보살,1,"champion spoon"
_0KvRasBpX5zZdw7vCWifROhi5RXRAXa9UnvN8slTblQ26wBjshvRcyc,"Tera Burning",1,"champion spoon"
_0l-LbWy8R_uE0UAU4j_ZZMpg5cmzgXMUIxlVGEa1LzvcCU,"coin seller",1,"champion spoon"
_0LoHDNsuArWy38rEeQhqYJ5MMEjCmuBSm3ZdrC_4PsRywg,Mors,7,"champion pool"
_0NEaG9EQQK2Xd0mih0wTVea3HjXzvp8pFJB6LsZTzqMVV0mdEVJm8R1,두부한모씨,1,"champion spoon"
_0pO-DlZ5jGe4CVd776Q5zNpVQAxHeYmuIqCqGBW4sAaUBs,병든탑신병자,1,"champion spoon"
_0pX2-lMyAZ_W-LS3ehhg6FOPcvB9Z0mPe21W9c4w5A0,"조명 인테리어",3,"champion spoon"
_0Q_BcluN3b5ibuSV60cawsfTBgozhBUrI7kcasIusyY,SniperTimo,1,"champion spoon"
_0qciJCZB5SbsL9nMPyhl7QHvBE-_dygyT8FzpF2o34emwM,"C9 Flurry",45,"champion sea"
_0qig9LxU9HvDo7CqMBunk6ew55Al3x3S3HHjyLRPBDlIfoL6jj7zHLw,"음 뭐 이정도 킥",1,"champion spoon"
_0sD7agY5tLvir2up0SV6xAyoXiEaOPCPfxEwhjhL-W1dBo,i민규i,1,"champion spoon"
_0T4hugBZ8qDRRoHR9GgA3lgtm-A-tzpGbQm4GbpSPU7,speedmod,3,"champion spoon"
_0Tql2IC3fEBzLGi_w5SF9UiXuEUJV6p3fDJ7izNg8czsik,"넌 도머리 댁수리",1,"champion spoon"
_0uDBFVVFK6ZwvbXox1eMB5MvTNJmGfFf1k1Sh4PAUDl,"Return Zacchaeus",1,"champion spoon"
_0ulZKah6d5xRSePhEnYrt5wOBDylBP8qAfk3UDccszm,"Ps Elemental",1,"champion spoon"
_0uogwB64UGU8l5yyOSB9qs2lRpoi8iiZOKPOa3PoZfdihI,물화파이터,1,"champion spoon"
_0V4NsWkKSkmRIGoQgUvpAQgW9rtNQET7C5hen4c4aEbY-U,"아까 핑 보라며",1,"champion spoon"
_0Vo92hNjwoD5dpSwpIogrJBszxeqwa8afJvK8mNh2of_M0,원딜할캐릭,1,"champion spoon"
_0VX-7LvbA1zO9b6Jo5h8fNmAxvmb_8D_YC5TKnLfv6-,벤느님,1,"champion spoon"
_0xawD4ERLDb5bpvEhvyu_FQv7Z2-_dcUZryCUO68OCvT6QT9w1GJS4m,vwvwwvvwwwvvwvvw,1,"champion spoon"
_0xfr8jFQX9nX4HXyist7ma3cUvajcP62oRPalkVf43bKNA,"기 펄",1,"champion spoon"
_13MCaxZxzdF9W8j0zIWHc3yE9NXSKyxmaLK9tsDWB29,"She is limp",26,"champion sea"
_17BuyDshe_Cdr_X-swQY9R6nxpCjeQjqoKBS4CXSO5i,NOrgasm,2,"champion spoon"
_17p-iZ2m-Ar5GRPyNKhGa9ZqXvnSrW4hBzoZ36JzbUyAyM,서이올린,2,"champion spoon"
_17qgi2MwbRHl_T_cko79-lwyU927pltD6-ETmjF9PnKdzk,소풍나왔따,1,"champion spoon"
_1D-ut0Wu2Pdk_dr4ufmbUMuC5a9bG1rWLnLQUqXHya6Llo,박환희,2,"champion spoon"
_1DbNT7bSPAnu7tNMi6NL4TujRqu8kfJSdfjXcoEKbw5b-MFrMYh_R37,"딱대 지건",1,"champion spoon"
_1dRf51Ef_BgojYeh8PDIHsCTNu2JS2zJtlT1NUjapjC,만년루저,1,"champion spoon"
_1dTMuH1OS5C-vw6h7eAtloPFCOa5G8kMnZGxOgmg5m8lGds4vi9W1VA,애1자리얼,1,"champion spoon"
_1e9r9Iqj7yuaRneSJeBijqZCAcdyfmnCKOYSvxsG0cNq5E,개멍멍4,2,"champion spoon"
_1ejZxtxG4wRB_0yVnduL6oB42eju_rECyuiDwoQBFUr,언나라,1,"champion spoon"
_1fhg8B8rLx1LvYCubXltUeRhSNQuKnOFltgKHKSwmbryio,로롱이리랄,1,"champion spoon"
_1G0hpsdU9rQniQ7IJkmD5FsFYF8IxF0yLNR5y4XDB2e,Jamm,1,"champion spoon"
_1H7-pX0_IvmXlZxVA-Y3O68ZY9BgEK5I5DczFrKRqf6hRg,"성빈이네 구아방",2,"champion spoon"
_1H94a4wjgeP2YtsfOXQ-uB4QSbJFVKQnAmS2t9aqVOE,웨인2,1,"champion spoon"
_1I1BK8pJbLAutVWSIwhWUgzWVj_9MLj19NBLjzDjfoZ,saf223,1,"champion spoon"
_1kU00GD9HImxdQRdZtyEN_1FCxSZNiQWbjBRgGpD2NNS_U,정글이라죄송,8,"champion pool"
_1LCYTEOitrfVrCYobTy6hWlk9VbmVoJj-GY-LuhZyw1TqI,"Azubo conforost",20,"champion pool"
_1lxy3PTfBIpZ5vTUYkiVMp3nXaJ6PXl77E5MculuuuL,"우 부",1,"champion spoon"
_1mNm_PjnmOi6NGw2dcpubt40IGQL-6wOASeXuN6SP9PxAY,비실한에방데려감,1,"champion spoon"
_1NbmN7SVVuTkMV7pG5IqEwa2M_Db07eqjFokv9AFIEG,너구리의기인꼬리,1,"champion spoon"
_1p-ECbSruuACRQzXAotucJc51X2app_Xv9WeVzdRunShNg,말랑흰자,1,"champion spoon"
_1Q_SAp8MbKo8iTm6-lI7rg6HDGw9T7lm6BkUkJjqFgLGYneAelTp6eo,"Red Faker",1,"champion spoon"
_1q00PcOhKybbBfy7JH-5UtZ8ERmTDKfz696SwRabsj1,"double jump",1,"champion spoon"
_1QujXAK4uqzLFE3oyZLURFWui3gQNjQxl_ni22YxSH3S0A,원딜빼고다잘행,1,"champion spoon"
_1SAna9BxS4jnQ1DZcegbW1m1R_pGl8iJjJ3LW5mKHDYntk,"원소술사 빵근영",1,"champion spoon"
_1SB7TZFCfBgpwvQPLmwJDUKbqYgSMrar2bgKkLA2wyw,okins,15,"champion pool"
_1SGeRe9Q51QxCklF06hi4PkXYv1MmzxcED_g7sVYIXBylc19V_u0OAF,"수술한 똥꼬",1,"champion spoon"
_1TrLyyY8VKzvslqpX5alNGvuHg54nQYBgQ0n4wHkegP,태길리더,1,"champion spoon"
_1TvNmpRx4JJ6_ek4Xu0j9WOBb9az9jPP_2YFPBPz4Hd88U,탑털러갑니다,4,"champion spoon"
_1U5oo2z6cDflnB79FirwUasd4BlcJ7ZTGcS6HMRf48GPEw,TBICORGM,1,"champion spoon"
_1uiI4cW1ohNauULHPofn2DtWlqaTCODQgZsgRFbRQIVYOc,"캡틴 키드",1,"champion spoon"
_1wQFUDxKg5iTA6L_1d2369R0drwz0XVeH1hMOXmLhQ0blk,탈주를하자,1,"champion spoon"
_1WSNSTpjDGePcuTWPxlx-uDBL6bDngoTzXe2FFyPhMtnAk9c9gkaXaZ,시리카,1,"champion spoon"
_1wW2k2ka1SbcduuGMx2Rp5GNW9SHPB3svHIFdvcNAP2bi0,끌면다뒤짐,1,"champion spoon"
_1y20MxMegQbc7ZGxqpqnYghRMecCK_4XXP4yhTTzgcJwFNti1LGhZsO,"Perfect Of TOP",1,"champion spoon"
_2_N-WC3ARr1wGRPRFgSz5L0OC2Q9zc1OpL3EaeciqRi,차가운감자김관의,1,"champion spoon"
_2-mcLLNXJyYNFUlreHWnO6ZZChKQniwv2gJ3zfVMzIY,미운오링,1,"champion spoon"
_2-RkizXetdlIKgZn4tfb8dSFAIlgEMiJrQQJYedN1tKHlI,버프욕심짱많음,34,"champion sea"
_202rvcmTU4Hc8-UUNHJBzH1wPTvZKVZfFMym7cPjCHEmWAAVg1tzX7A,유리린,1,"champion spoon"
_20KE5xYINjhb4WeHxdEEiFgYjyz2gB4FPnjMSc2zKbhY5E,SHPG,1,"champion spoon"
_20pKSgPzuX6CyR0UNQny20KAcqKPWLFbtN3PDXWLsBR4oI,"마 늘 충",1,"champion spoon"
_22jRXuVNJlW2g_5rW7J4jK9ySQeIDD_-wPO0IohrqTp,"토라는 나끼",3,"champion spoon"
_23ZiFZY4t5k4kExHqLifEgE9EXECpzZd0q1NrSmQbUP,Jepeto,1,"champion spoon"
_254QPrhwcMrdvYf-HzQTaz9DL5jkmBLxLcD42AtggxLcBw,knightzn,2,"champion spoon"
_25liBDLdBFCJy9t9OXxOAebUn0gayO2gfIKqgFe7UzC,"점멸 점화",1,"champion spoon"
_26AQnBiabxMMNLvkf6ok8XcXfb_pCBCG3NghlUrcLk,Aureate,1,"champion spoon"
_27g4dDaxEa2TwdCffhNpAbr8eWRR4Ki5xy9bfh0r5mV,요우세이,1,"champion spoon"
_27hrGdN48SwrFYpln8nqev_ZqsRA8x68tLClPcEgsgh,SsalLoByul,1,"champion spoon"
_28hg36MMtZLSCgpi7yaW4yJnri163Wxzi2NvKS7G9bMvVM,최초의바퀴,1,"champion spoon"
_28RHeYo2aMuyJSSRw56mD9XjkGDwOf7EstFm0nc8zrViexpsN0q4kIi,죽으면도구차이,1,"champion spoon"
_2AIc2NP8gmuqto5vAoMyhcrfv8leQ5o29jvsAdOM7wcaJ60LSV1IQLV,채봄이,1,"champion spoon"
_2AyIJGGjCqyAhMdDz9fzas-TBof55iYhGYBntRpwNIHUSc,현실똥쟁이,1,"champion spoon"
_2B-P4VuWysh_pyK1s92ZQVNORCyTcWi-HMyND7M14cRfZs,몰드이형,1,"champion spoon"
_2B4Akja4I7W5B8sc0rc_uQCOAVqF2usbDE_a0R3l1bD,"기무치 현쿠야",1,"champion spoon"
_2B5zEOZEcvK-IsbpkQt0GbJObGWXRlhpOUNNemkUtWD,"탕 탕 탕 탕 탕",1,"champion spoon"
_2CJrUJ5jGZ-UE7xihYMnKlUvDYVzzXV2lyXBBJSVW97bEQ,Monsoon,2,"champion spoon"
_2CkaHWUQqt94v0yxUede2ermNYFX_Zzjj10kZaabo8YzNY,"앗 강하구나",1,"champion spoon"
_2CragCi6Ec9pIIP0SNeizuy8JvEpN8JiXnP3lwK6F19pxA,색연필,1,"champion spoon"
_2dAoB65GINogUVDjhg9IKMWz8FANZ3UveksBsDVljatgCM,yeachan,1,"champion spoon"
_2dcu1dsF8_NvFeMUtxkL4EknW4BIzfXu2ydrD0r8Ub4cjE,꼬리친늑대,1,"champion spoon"
_2dR92a6XPdraZ6FXxMrJ2GQ4Vs0Vn9ZyTk2LjEjeaLEMTb7NSniW2aL,"탑 미드 연습할게",1,"champion spoon"
_2EqkyleOjSW5X7AguZts6tLJm217w1bx-YbFXXtHQIiBNg,자크로묵언수행,1,"champion spoon"
_2FjjURE-xXX7U0nF9QaDbfJmDgMEAEmJUuHlo-h5txwtT8,"아동절 수오미",1,"champion spoon"
_2G2cIq06xv2ODha0ApdZqbZnJZDTYFqMqG1GCnnIqr_,히어로옹,1,"champion spoon"
_2GXuQqGQwdpdtYDjTwT8qKc-swzie5rDKKp9G6zFkAo0FhHG8vKjW4D,근이몽zz,1,"champion spoon"
_2he3259V9iurw6jpAV7MDrG9_GTpMTOxOTWiSwpRaVnPMA,000125,1,"champion spoon"
_2hfmRpLbLykiivQqC__tWDDcqh2SdkpMzG2ZV4HEXjHRQA,"짚을 땅도 없네",1,"champion spoon"
_2HmpRT4EFMnoLY7V5oGcxS7NBPdiP5iKjf2ikr7JQds,룰루1위,2,"champion spoon"
_2Hpq6IqxcAHLVfC20OwKOETcZAXS0EojtZLw0xS812a,이사구삼삼오칠,2,"champion spoon"
_2hvxlz9XhW_88bjYQcBnM2C4WsL-HPXR56mjpLSsjgfVRg,그만쳐던져제발,1,"champion spoon"
_2IZuHKXB8saF1u40_ArvHuafBUdwRAhKMj3_Fsdht8,꾸루마,2,"champion spoon"
_2k-AuoxxdiJhiukOpGnWzXgwqXNMcNBzCNo1blAiTfC,전백마,1,"champion spoon"
_2K2Hia8GiMMiC2TTdW2_ahV3pf8x1Td-DMQu5u4aDMbLr4,영진대렝가,1,"champion spoon"
_2KtMuaKddg1wW4EvAVQJgPkRjzcHrOViu-S9UA12Yzy3KM,은혜와진리교회짱,1,"champion spoon"
_2lFDr8gkLRwL0Vg8vDGTlnMuZ5OIfIAj4tj_9GjKoxBfNfhZ1AV0Hit,미드나잇인하우스,1,"champion spoon"
_2mdtlxnJaJ7Maan9BoXMIHXE9JrYu-GYq78yorBvmPYWGXPE8RDRolA,잠못자는녀석,1,"champion spoon"
_2MzIs_LSTnoNpCtsLMSjdaSxhtJQUkcmDgzOO0bkNkC5BY,나다모로가나,1,"champion spoon"
_2oBAfhNNpAdZsN2q4k5dA3KPizXSwzk9-MLymvWqBYR,"AlR 띠용",3,"champion spoon"
_2oHyevl-pmjexyCg_6kkVOZZKrjTXk4ZFpVRQU_T20x6BU,"리 얼 갓",1,"champion spoon"
_2pG9yg0BdHM0-U1bBmoS-S1dGv7ee0JCFbUeLXmY7I4PyQ,휘부랭이,1,"champion spoon"
_2PHSyZBIuCrftq06XDSmOXCk3HzkMTUngMulCsJLbuTDE5lR_TXJObM,UltramanTaiga,8,"champion pool"
_2Pq6hz1FAktRV1saUWXIs3STa7eytQ-DpYvGID_31Kc,물개씨엉엉,1,"champion spoon"
_2pukYZfp83Q8qWxPpoLppi2kSGJzUK6X_U3LmVVLSEv,"plausible excuse",2,"champion spoon"
_2QbzJxFuXl_TL1j_F5nuFwQe0bcj-e4ebTIpr7FEubi,트롤픽하면던진다,1,"champion spoon"
_2r0xd_Rah67G_AYdElteuZBZieIgdJx4_8vp2xQp5FBW9A,"칼바람 챔피언",1,"champion spoon"
_2R3xbwL7gecLmU2mMSv0WOGEpLW9wfdeWHeqILkwAMU,"차카게 삽시다",1,"champion spoon"
_2smY9EA3WUFAUmpIumk3dRjeEU2zhTxrHN30DifwVqnlLQ,삐류님,1,"champion spoon"
_2TgeWjjTTETon-clbdT3Ds-Cpwdudqmpt_vGivRnh4zxqE,의가사마려운사람,3,"champion spoon"
_2upOhW-vYOy1SnyuRXsdBJjP9IBjFT4Uq8J2GPypGan,duringking,1,"champion spoon"
_2uyU8t0TO0IrbjGq472-i8FIBoDepiHOQi8S9RBRLYy,"라 툴",1,"champion spoon"
_2wMDrPepA3-5jIzQdlpPeZJAVrblb14aaGZYHkWPbME,"적 귀",1,"champion spoon"
_2xEwgh3FjTrTZ89dBJAJEvnPVIBQpIMIOaP3GFEtIAskaM,승미니방패,3,"champion spoon"
_2xTWZIZpiaXwiybSnMdsuBJaoY92lb5cE9unupVnOOlIKY,골드사는쓰레기,1,"champion spoon"
_2y5hPqus0ovuqlq_0TItQwBLIGuoQNSv76jwfVd8oxu,너굴도리,1,"champion spoon"
_2Y9lHQeV5Na1QzqwUlHa0Em0KyxUuyOfW06MMTfZXJr,"와 드 방 호",1,"champion spoon"
_2ysowDBdLV5qjISggcMLH_80uq98_XDMziVrkrN2kzS,"영업3팀 이대리",1,"champion spoon"
_2YUtyUbUwP2mqkkpo9x7q5XrXskXcz6ep9P41Y6Q-meuqI,논술반수생,2,"champion spoon"
_2ZgcXSWBshk-w-YCkWq6USzMG-B8RoYSTvdz-y0g6g6,아주빌리지105호,1,"champion spoon"
_2zy78Uj9hUAFQApL6XL9a_SWfQouQlIHEtGNzQMOaHBq3Vk_NjSChpX,스마그sio2,1,"champion spoon"
_3_9Xr1781o9RXyNoJK9hl-A1u6lM6vB1bt6S_2EY2akw_s,유갱블리,1,"champion spoon"
_30-TSxDMZb76jn6SSsgmnamFutAlwycxSm2ziE12rmlbgc,Caixa,1,"champion spoon"
_30tO3rB5xQJeQ9BCYlb74DFowu7DDkXX30zpIkpES49,"버스터즈 채연",1,"champion spoon"
_31oGzO3782850dQKkmiWxCCR5_JmhKvT_NEPX_9Qw-E,공익형원딜김동성,1,"champion spoon"
_31qK7zuS83et8LUmhdHUjKjgZKO9Ci9-RwiU60tQQyF2L7wxde4SdDB,바네사s,5,"champion spoon"
_33RFzouOB3D2z2Q25egEfNqsLPnVwSj5AA8BuL_110q,냐냐콩,4,"champion spoon"
_33tkGO6UG1Q1yuYRGgZciWLeJ0ytKEF1-sEKmshPu5FvNc,하얀홍당무,1,"champion spoon"
_3472k4TTzHGZqVfcUCKkc54-ET1ka15GjTXqX-YEsjWBGXPXXC3KJ6J,묵은지WangJaG,1,"champion spoon"
_36uswYQEXRzXrM0d79RUVuwjWr2vK9yxQqXijV4zJOcbn4I5hQe85Aq,"알 주",1,"champion spoon"
_36ZHw6XsY6DBncEtlYqDDgYK5x6oezrrxW8HncKGxbb,"말뚝박은 배인선",2,"champion spoon"
_37a9HeTOIEhcYlJfo4c9XaGvC9EiyW4rth67BnSV0EE,국민짭짭이,1,"champion spoon"
_37Po2qvRtbBKZ9kYx7uZkEfGmAmjddZ4gy0Z78TvTVf-8g,우에하라아이핑보,1,"champion spoon"
_39D5DEAB1qqPY3FZ8c9xkGJMIwlj7nNhbVeZLGKHgvlxCktND0SP-H-,김영광짱,1,"champion spoon"
_3APFPt_uAkMdBcvks--WJaH1QHEUdHMoeHdPdaGawyD,백도씨,1,"champion spoon"
_3aPgZl-hRdpLCVzjNZkGJhnHAkUPEn6DcIgGDv8fL5Dzv0,마스터못가면입대,7,"champion pool"
_3b9AlbUfxBfbtR19V8GyCAI89LPG08xUBn_8JMQuKCGFiU,"형 오른이 됩시다",1,"champion spoon"
_3ExKRK0XLeTLuiGeSdH82foKGPM9yJxzBu6Kjxh1uZq,지단월,2,"champion spoon"
_3EZqRjleuacfN0QzHRGZwA50UeoiHGJRbcaGHOE89zxjcVCGXcMXSm5,aor1f,18,"champion pool"
_3FOX6lM8enMrkB7KVg2t9UjpXY2WLsJ1ownA_KSvbmaBps,룰루랄라티모,1,"champion spoon"
_3FvyVpGewfqvoH_zMsislDxovWAuT9az7pBw-PM-c13GNMmH5Yji3Cb,팬놈또패기,1,"champion spoon"
_3GfEO_VKmSKHFh862ND4sdGlpBc6Or0zyL63_Lku-em,강박증상,1,"champion spoon"
_3GZWK2Y3zTa96EeZR00w0gMgqJuyVeXyHrm3_fzoledhP0,"B X F",1,"champion spoon"
_3HUlPuU1hLuIAKZJ9b6Ak6sxMW336EOlziEksm2zt5wuOE,"시 경",3,"champion spoon"
_3IaclIii4NiN7_7TjPjee98199NHCK_izQqN70eiBMj,유느느님,1,"champion spoon"
_3IeXh7c6N_VyF1tz63wvrXonlj3sdJeAyvlX8Bxhp6r,"째 똥",1,"champion spoon"
_3IkS6iB_iNU2_cHTQNVkLDtOjQZk6_GoYoVS9OPDM6-poJnucA-RmV-,"끠 박",1,"champion spoon"
_3jKInzVEOjszrx4N31QycHMS3DCwDcDH8BdQ8XR-Rt200o,엘레네아,2,"champion spoon"
_3M-KfL1f1zN1ACnN1xnjHPCpK5yxqPSxWbXZpgBlyQVH4A,"잭과 콩 국수",1,"champion spoon"
_3mr_Oc-94is8Asq3b0RzFAncJE2t_OftU4sdFlToQ_v,미아신고해라,1,"champion spoon"
_3MY3NrM6G14mUUsnRot9iyGqW91VpEjc_q3x8Q1R50lUIc,칼바람나락쿠,2,"champion spoon"
_3Nsntdveu7IpKZof1SMmVZiNBiaiSNFh2PW_2idSUy1Kub3FDYgrv-t,F4Corsair,1,"champion spoon"
_3nXyxKAoQm95Vls8MvKr3GNdsjDUM2hHZWTcLYljxXD,웨이트하자,1,"champion spoon"
_3O0LbJPNPp9_oqZ1ti-bptNXTi2aualNAEt2q0w4QEZzk5aUGWpurVe,"Carry th",1,"champion spoon"
_3oM9MIGsEj58NPqjXqtZIfBk6tbik8dAwiAi8n9PL0ZYWdGcP4byQQs,다음주복권1등,2,"champion spoon"
_3PhAGl7OtXJxkICpZ8SN89w_xCjQh8p6y0biOj01v-nJBw,"Afreecatv 쿠데",1,"champion spoon"
_3s0aL1-TYWRQYwR8h9Rgm_khuWVJHWRIhBze__yV08W,슈슈산책중,1,"champion spoon"
_3Sayy1B8If18LBSYngXF9aImh4VKRjZ4oFanf7rq1moVIk,"샛별의 숨소리",1,"champion spoon"
_3tTCR6jb_edKS5yUh-3jsN_MZ_Vhx4PX-Jmmo5ksC4Mpek,"짝다리 챔프",1,"champion spoon"
_3wtlmh8tiEiZMFngDV_rJg42cB0f04ohUF7ctrXGP3ZIh8,SecretGame,4,"champion spoon"
_3xfo4a5qjEG0QyWFeBVQKyMIuqKjBnqXWKqp0xPpps-qRE,EvA삼치,3,"champion spoon"
_3yDGIsRrprN6-sHIXqn9fX-3lc54TfN8qmzpJaM6J2nHZY,맹구엄마,1,"champion spoon"
_3Z3xwrWhzorH_fkllpFaTw3Q9EU6rpI633ynKQPAqC0vD-rz1qZR94K,"바니걸 티모",1,"champion spoon"
_3ZApN5hYa8qKKh8PCw45rAYeEJ_YWnw55tp5uUAdTM,빽푸린,1,"champion spoon"
_3ZHWbrP29grrHzNpK3vDuD04TFbg37uOlj-eLCW9jpx,무우우,1,"champion spoon"
_3ZZB3hjM4glcDX2oMxMKK3bLMnLPGNOCvJrah73JBlH,혹혹훅훅훅,1,"champion spoon"
_40BjQRr5TUre8NKytzwdtXuu5GVVilpf_IH1xhQ4w67,"복실복실 강민",1,"champion spoon"
_45ELSCVXIol-zRIMVkt4ghLZIEIBYDqXgJPVwLkuoCG,"Ler0y Jenkins",1,"champion spoon"
_45mpHA49yI-U-jBSm4LnSLaFdjYkrOfuMSNFSWCERxK,쓰레쉬본좌,3,"champion spoon"
_471-V2zPyRXye0rVzxS1UckOpd2uYhc2HhyLgtaRlGk,내사랑을찾아,1,"champion spoon"
_47BJGvwMf-ro9foo-DT_wI3JmHf5hEx5Zfyg9aUg_SlFwW-CnYosRhM,G4tsby,1,"champion spoon"
_47kjaNkGVEUSV3APBc8Bl0ES7knaI1AeiMSian1yoKE5T0,김승혐,1,"champion spoon"
_47MiDX__h3RO2ri6cZL4XH7usB-4yG6APQ-bgeSiBBiRKc-ACuWxC30,aaaay,1,"champion spoon"
_486ftNcHCfK4D-RtjE2ju2tYpMyRZoyLXLZFDDdIHJL,"임 질",1,"champion spoon"
_49x0QBjMFA9EIvFXip9xwriPuzXQasMqY6ShcgHDgXLaRwKwOtxvPhi,유학온외국인,1,"champion spoon"
_4AgXrmEqc-EJM1GDdgD4dGDY641AlZaLUbjxlwp7kDcp04,색종이를피기,1,"champion spoon"
_4ByJBlNEQReqJg__NF9WoOzxt5iGcg_wo9rrS9wIDlC6Y_cAjoWIm21,Hiro,1,"champion spoon"
_4cZnoI36hRFydMn38C1X6thG-3Wh9iVaAo6nUgOSQurIoY,TheTreeper,18,"champion pool"
_4CzRnWfdLRbIdZKrjNMTyveI9lUD2pcmje4iTtjMbjQ,강아야,1,"champion spoon"
_4CzRTWtOCts2NVGdUGvNiloonNIR7KYO7omZHw6IKB4f22Z0pdHXHje,"15 무새",2,"champion spoon"
_4dpqCj4Q1jikq-6FGjsyhZenwMn1Q7jm8wRu6P9gNWk1FDNsozUYF36,"알아서 해도 될까",1,"champion spoon"
_4EApYcug5rMGOH55rAZMhgMkxcq3gsBxuWd64B3wsUp,Foxism,1,"champion spoon"
_4eLm0gEUzH3c95pvzcb8rylBABv4njrXo8G0_DKDFbY,"Hacuma matata",3,"champion spoon"
_4FgoLf-sBkggyXNxLA39T2RqxAO4HaYUycV-eVd6G8jno0u3WA8UuMF,"가장 밝은 별3",12,"champion pool"
_4FgQjDm8v0U5vXxxlwu0ek6P2EGXPie8SAHxkyO7Y-4,과수나무,1,"champion spoon"
_4fKuWh9iKZMhSze8jXUX9AEEnZw4uBLDCX1FVEKebBK,"Amor Trouble",1,"champion spoon"
_4FnhGHhTJlCyqRBlUPYpKLHTNzGf-k-FmueNDFutFsGg6s,롤보다얼굴이재능,1,"champion spoon"
_4hUvE33cox2IxM78G65xj6bgB91hkD7C7pHPzUrGybaBZE,Aronamin,1,"champion spoon"
_4hXEjlwUR5AdeDRsseL_YEW3b820wj5mcqlB0nhzzqP6_4,슈욱퍼엉,1,"champion spoon"
_4IDa0HUEsKx0KwYEkFCSLzTLPSsq0lJ5D_2XoisRikZ-fLXdYzYVfBn,IlllIlIIlIlIlIl,1,"champion spoon"
_4iTbZzAgKk-1rQM9JqLhfsoMn3l_w034Srp34uhmy4tG5M,율하보짱,1,"champion spoon"
_4IXN-7psbBnXApkKGTd_pFmzALepnHg5qirDAvBj2Z9,춘천사는21살,1,"champion spoon"
_4JqM3lJkCWewwXqn6NB5Ban_bDiopdPEo-4vB1T8TihyH8,2020년2월10일,2,"champion spoon"
_4K71pjxibitRohTI5RZOpq16IanpbMHRgJNfT210T03,Zi승호Zone,1,"champion spoon"
_4kFQV7owSZByzp8y6Vwc8S9m13MSn2bJMiAg-PqHwxSZhQ,컨버스매장알바,1,"champion spoon"
_4la9bd5A5GdLF4ulkkT7372ge4vcn_dHWoJ5xOVTSflEEY,LOL뭐하지오늘,1,"champion spoon"
_4LKczxCP9Le_NgOmY2Fp10PvrrtRu1VCjyBF7SK9uc-,Altemion,2,"champion spoon"
_4Lxu8SO7LWhISbJDc1xr9qcMsGu4s_ITZ9x_e2342os,라올동당하,1,"champion spoon"
_4mw-dC7qNaNMY6Gq17UAfK-Bz7KEU1Q9cU80FEc0vJN,Mezahee,1,"champion spoon"
_4nA23zhRTHgo5seDgfuBn7n9VM_M3qSbS61o3ptntx7,"산 류",1,"champion spoon"
_4nGScY4WQmPFgm4-DMETPLwlSeP3eugBqHFuDgdJkn4ycs,"팬티 속의 감자",1,"champion spoon"
_4NkUoSQxFBTzGevpjpxUp-wSC1tDZakc0sa8QIJiFvamnGkanJbRur_,Youngyang,8,"champion pool"
_4o9VYkp88TIzYrWdP110LhsO8oYpSwJOjnKxVvGQXor9oM,"이제부터 원챔",1,"champion spoon"
_4oZjxZcu6iuFJ7vxEi2p9n7AqhVR9wtmapUrxtcdgttT0-g-t1A04A_,MNNMNNNMMMNMMNMM,1,"champion spoon"
_4paMYSQZbWMY6frZsQcM3SQGl896urCTrZteffXMY1B,단단하게자신있게,1,"champion spoon"
_4QFn2x9jjPeALJIn678gp-ylCiYvJ9c4oC63ZJ1_pLglCA,WaiGua,1,"champion spoon"
_4qglQiMdoUPzZgHNRgRoRqScLLndZU1TE-TRBNY1Vfx,konakona22,1,"champion spoon"
_4rDhmYK9_tx9n3p-1Czpdzq-mafc3ZD73opwIEN5sOc_WA,데리다,1,"champion spoon"
_4rIPTwKQ4_Zvc3wSdCktHfeee9YTSmLWRKhLFqxMwlIjpE,넌캐리못해요,2,"champion spoon"
_4RQL1mT5c5v2AHwWYlNliG9J75sGxLy5BGz2MMgIJtJdlM,승률관리안함,1,"champion spoon"
_4svnW0MCUBURjz437eUNteQOxHZcjvzvoXAo7t6xcfNbsU,맹수경도,1,"champion spoon"
_4tnFamrTimgxNcSkAsiQzUY-IZ634GQgK4rMaqcQv64EyUow7xzgWP3,xhxr,34,"champion sea"
_4trE4YEmm_LzEnYx8QtozqDPjFxFlqcdQOFC1SNlF-0,Top워윅,1,"champion spoon"
_4U8eSa-7S50QH7NSazgCTgDP8iHnEgTSw6pXOgiz1wc,덕자덕자덕자,2,"champion spoon"
_4UX_ETWbjmh_Qbgn9EikZdqy3qKBX_rYtOlAiP1v3wR5o-jV4EaJaiG,끄떡없는사람,6,"champion pool"
_4WDVyS8FPhKH_JmepZONjV01i05xYqI3fqMQhD9k1N6-Po,선영이홍콩,1,"champion spoon"
_4wEET03i6maNiusz9V3qwTSGo9096DeCtJRCM3BHQxm,"베인 야스오",1,"champion spoon"
_4wvULNm9GSbfGnfmY63KSMKk0sNXZrjyhRqtSBvGdWm,완선이,1,"champion spoon"
_4xMK4QLAYkFEHXn2PpjF2a-o5m3W2wgK8vpwW0lEyyu_9o,일본문리,3,"champion spoon"
_4XzUe2n0pNIdNTWzGIIsFEasT3ka0PKKP17RWUO1V8LTzQ,Karches,1,"champion spoon"
_4YPFICcflnBSJG7KzqR0p4C1t4bJQbDaJSBxaCcGRe_,다음계급은민간인,3,"champion spoon"
_4yUsoJongMCMOrzw7VxK3UjSz6gmTefii_dHRiuRCbi9Pk,"소문난 듀오",1,"champion spoon"
_4Z2fb-S3AjNFYpgVJvYiS8XPhmFaUrFzre6PuWCv59L2JU31X_VcrzZ,"쥐 당",1,"champion spoon"
_4Z5ti28juEmtye7C14BhTUQEtNABP4YRpb3bDnEJRZrbfeUNNSFwZ6x,오르니대세여,1,"champion spoon"
_4ZFED3tKeM1RcoX8G-UcLv0mKmL3NgQfnlgRv-9Hz09KSI,운암고,1,"champion spoon"
_4zJmEYs6_YiGMEQqOsIaDeH1WDBp8qXs4M9tczUtyYMO6n0awmQ5ASW,정글님갱와주세욧,7,"champion pool"
_4zOKOb_6nldFNfoPQShGJJNFvfJHlpfilW4qgnOglkH_wo,과학은야스오,1,"champion spoon"
_5-CKL88_8b4oHCIMjAOLF3qBSo6GWSskJ-LPWifiEtabJ4,EisRain,1,"champion spoon"
_5-fD5C2qlxLCJ2Lq6tNxqCP-p2wdfBhdXMsKASZwKP4,김삥남,2,"champion spoon"
_50uuUOkNUWh_ylEVOeyQTeNTELTUttStTbdcBS68Ogq,하스티나,1,"champion spoon"
_52AMH3A3e2kW9tJ9AcHU0a9iIjFvWmUHPBd7cH-LMGaH8w,서폿대학노틸러스,1,"champion spoon"
_55g0bsa9KEBtbKrBF7a3ySFTxfoNGbHYV4WN0nQioYIg6o,정글아,1,"champion spoon"
_56-2jK_Gmup4Su0u9oR7XNZIaA3QQZcxhInagRwcCPfFb8,"com to me 장인",1,"champion spoon"
_56e1x4sgwyZAkrtpiiX2IXCNT1vAsNhI0F7ug246coLzhP6gRoBAVJl,복학생집단구타,1,"champion spoon"
_57zm8VMbdfIdw918TQqXm0bGjibJ308uhM9QAVQM4w,"발라드 작사",1,"champion spoon"
_58DJ4yMtO4Dy-s9vun5fEGU3br5Hy1pChbqMnvNGD5Dxmk,"돌맹이 줍는 맹구",1,"champion spoon"
_58yFbwvRQeU4wOifzwOVo-j9_Krp1QK0Htjj4W6rfP1,"끈 대",1,"champion spoon"
_59FytM1MyEBDmTg4xJt__3CuBvCQgOMDAH2PlFupWwesF0,나라짱,1,"champion spoon"
_5AljiiMniLawCbJrojp_Gjuvmx_aZ-JxTjj6rpxauwu2-0,"태양을 꾹 삼킨채",1,"champion spoon"
_5aXYlsNMsK3akWlolGMLpo9b8fQw3QzlrKwfL1TYTvQ3RM,현식곤듀,1,"champion spoon"
_5AXZGNOipPsLe7qB6YDsa4zQEhEIg3OvmpFhjnYR4OI7LU,이야이,3,"champion spoon"
_5bbvyKGG8KLaeyXE2WkLtFuXDhFlw4_qLWvoLVgW_bUjY5BfeETfJ_q,"Solar DNY",1,"champion spoon"
_5bUYqyyHtr1AV46ZMIPLvSoZTpors1hn796AK7Rw1g,커피둥이,1,"champion spoon"
_5dgLBd12qOevkOw9Q2SyzqwqOcuH1kUT05FcMSPi4gBLCda-D47W9Ec,다현0주,1,"champion spoon"
_5dj4aZU5zVtwfx5qcV1WMGh7xsdfL29Fkeg5bjloIqE,서노선호,1,"champion spoon"
_5EdO65ywgW5ZBGUPxT-CB3LX-mpwqDdi0dVMxZPosrK0q4,"마스터 초밥왕",1,"champion spoon"
_5efXSlptgKxM29salsz9VniiHAC_QtjCPqvtGAJvuS1idI,"인생은 솔로처럼",2,"champion spoon"
_5EJheJCvRe3jkwANB8jbbckGP67uagrjAIu0lbkjocgGPVMdGXjZ-YJ,뭐냐이죄책감,1,"champion spoon"
_5f8VN9gMAVYpglVOBgWHouzqHMW6YwcrMdJ-RwMB05p,김청관,1,"champion spoon"
_5Fhfuc0Tz9Z-Y1owvepXTYTaNqaS2YWE-4iKUTQTcuA3Tk,느그어머,1,"champion spoon"
_5gRdZi7sUQEuEz9XuSokmMUxSEc3VkguNuDe7kDK0xUJh0,유령헤드,2,"champion spoon"
_5GsU4WR7bha_fmUdv5lnGEgSBUSri0eAeoiKhNOW_gsSBo,사슬채찍호치호치,3,"champion spoon"
_5gSXH50YDkmDfhfWZ9lDoOyO4In6UVK7UuAoAOHgLYLF3Y,"Felix Judian",1,"champion spoon"
_5H9SoIjEWix8Jiaq76llpmEXlue-fFESH880-aQq6YV,급발진뿌아아앙,1,"champion spoon"
_5hL_uiHbsmqboXj5w34RsZPYocrJqQZiCE8REUwzed7xm1UDGdnkrOp,"윌럼프 물어",6,"champion pool"
_5I3AOZARf74fFrVlqcmiZjxvaSzGX6MdSrtYdG3TEms,15148,1,"champion spoon"
_5IqQsowaZGymxEulPsFJ7f5x-lkg3PcZdeC2ke8bcZ4O88HE6Gd8sOA,"Dergi Na Han",1,"champion spoon"
_5jomWyksOvA1aT1dLbUUTdeDq0CXOnpUaH10R-IJLml,"용 조리사 룰루",1,"champion spoon"
_5kCA9ZdvKo_MzG2uahBPOedGGbbiKHwqZWNSwS7NVIX0Fk,소주한병주소,1,"champion spoon"
_5kxPEYPRPZ-rhunqTe229C6hhY-THHZD8_Qx0NS8dIB,아랫집고구마,2,"champion spoon"
_5L-rYob07X-LKVRQGhFS95EhLCsBwR2P-WTvAAImp7h,짱담두까치,2,"champion spoon"
_5L4xj0YIwmtgmXhHTcH1y3OyHuEmNnGFr_4u3rt5kWr,"VAG 올레",1,"champion spoon"
_5lEuDt9-arHX40y82gauRp6LXV3_8plLwjmG16WAp64QUk,"막걸리 소믈리에",12,"champion pool"
_5m_EWTW5wRx-cE3dJ-K9IlKx9LGyKnNUIe34hR3M8n2vscHiYKU3Vvl,Diffeomorphism,3,"champion spoon"
_5M2PV9Kp0GYApTnLngqSN_2uoNsaJ4BvSpfoSOdHCV3,인꾸르,1,"champion spoon"
_5m3viJ7C_N_C_QMpQHHGHgDU5od5wFSfbizaZobLIiEeuk,아빠바론,1,"champion spoon"
_5Mgl8hQf7LdAe_1-eaqxIPFKvoqsBvPl0MeAfemXrHV5pz1-pQ26fv5,"Navy 637th",1,"champion spoon"
_5N3yhPwBWq_QPZmpn8f7fK4nPC6dFDE6ILAWBKnl_AjZ5M,됴아라,1,"champion spoon"
_5ornP-tYvP3WiJLElSKu9gLQ82Kb4gkZXxLiTERTQhgd0U,갱생티모,1,"champion spoon"
_5pDkHU2jGGVHxKRLwsG032DR2q1inTUVcAR7E6yF24,형나가있어,1,"champion spoon"
_5Q6p6tuxoXHMMM2Wa2BNJHGmMlUh7AwzFcov2I6y873X20,강한정글마이,1,"champion spoon"
_5QOLdG4aRT-j498-3iSnuSMhwGexJQRWiHkgant_Fn6JJw,잠자는곰도리1,1,"champion spoon"
_5qs1CpKjwecSdLK2aATV5qNK0rRz6CjMfPWmjDhk3vv,"Rains day",1,"champion spoon"
_5rKRPyVFMkC43bLoM_-JO_y63_68mZxDIhj-TsNZHTWkMJ3ejvvJbLs,Younghwa,1,"champion spoon"
_5RVkswUuJGyeP5slbfB8_B_98C7wgSnlMMe0b03WJzo,"왜 적팀만 갱와",1,"champion spoon"
_5SG3B-L5KWWbiFJBCDThzwwQJsb-AfWaN7m47uuuwA7,"햇살 가득한 미소",1,"champion spoon"
_5sgq1feVHWWUvcy8LVofrIg4XzqwBN8pXEbVSaMFIYzb3Y,항상화가나는은지,3,"champion spoon"
_5uDe8fm0mpVM5-KKfvSHxPIxkSBnVPrjmnYZYjSBAGCFzo,Skypotato,1,"champion spoon"
_5UnsZkGItpg4ak2QSO-fwMw33BVQ3_nJcmNipmjVGNf,"친구없는 아디",1,"champion spoon"
_5VdcRYzh-7ENc4418N7PjNg0Oke1wiJu8Btfq4WSoBQ,덕구오빠,1,"champion spoon"
_5VNUvnm4burSqI4pRhHFqdgsWPjyrrsgJJkX1FjRO3U-RM,야몽큼,1,"champion spoon"
_5vTgCLnWVM0oCr77eYwnlRqsbXPvheCvKadKkFeqquq0AWHOXNU8Xzo,"FA Coach",17,"champion pool"
_5vxNeMKPJChYqjM3oKts4ywNFv7R0YI2TNPHbWobTPAwiI,이준서똥코핑크,1,"champion spoon"
_5Wf4Rd1Zf0yJ2_4qagwhqQQvps0EV_4jHHYB7b6RU0n,꿀꿀이국밥,1,"champion spoon"
_5XfCXeHB57LoqVU_9znj8hCeGwwpLsUGKTOV-E0ZPoj,"진에어 스티치",7,"champion pool"
_5XzhljejDGeWqilc36WK_zEC4Ov3AEEqLT9tzRJ2kXYcAU,"횟집 아칼리",1,"champion spoon"
_5Yg0WOWTrzq3qfVYa5vW7c7r33o5dqcP8alIT3SzbGRBvQ,배딱이다,4,"champion spoon"
_5yityiuHypkXuS6k50-W8XSjxVHLVPgjc_JwRXJWaZxQDA,매복장인,4,"champion spoon"
_5yJCMsE8tGuZkfPRo01t6nwPfhU_VB3Quvb7ZuD7uW9,"십 발",2,"champion spoon"
_5YVmFJiTh0s4Ef-fnMtKm6qIlgZ-EWBImDfXG2HvnkVzKhNZVUhd6Xc,닉네임여덟글자다,1,"champion spoon"
_6_7yK-BJWW_tGIjL8ZLsChZOVw7eG900OwOstG6_GFU,땍볶이,1,"champion spoon"
_6_txNvjP8SL_w4wIesCF6ciPes35d80dRZG8xji8LEQD-tyfPMIjr3i,방랑작가이흥건,1,"champion spoon"
_6-XTP_HwrrWfl3zGHeKGYUlWfMKzTckk9jqnoqXIDSl,참봇은촉촉,1,"champion spoon"
_61clfgnvfk3ZiAiA1dUBymIvXqjMKjn60EVhQzZCWDnGI0,꼬마공주윤희,1,"champion spoon"
_62Qa6xai0_pZStSq3L7AN1IgZSjBnlL-bE6NUyuc-jb,"Nong boo",2,"champion spoon"
_655VXMJp1ZP1gpvptyY09VD6r0u6lXXw7z6_Qa_aE46GPE,앵무매니아,5,"champion spoon"
_65lN0mT9QDL5Kmz-NRfgw5uOSz5OS1YXxYPxKv5dRcV,과녕몬,3,"champion spoon"
_664MFVQH56ZviWmAuDxDgEckGIdNu9y_21DH4mHvAy3,JessicaOnlyChild,1,"champion spoon"
_6ALpvtCy8MtmyQwIIZsm6xrgs0rmFSY4x014DVMuJ0R,커플아니다,4,"champion spoon"
_6AQYHyn3JE1HbOEiohOU8d72ACVq4SvLMNpTfrnPK-7gro,카무치,20,"champion pool"
_6AZhiTO7gNGJCuRcl6OjvWUskRVOfylTpsGrtWcSOpLiK-wrK0tjcyL,"조준하는 영곤",1,"champion spoon"
_6bcQoXsvFxzH6umxcASwHtD2eNTgWkKXZ3v9mro5FfeQWk,연꽃토끼,1,"champion spoon"
_6BWKEGOcgxTXsUY7AMTA4yWNas-0JkGPpu4RgaKZq-AmcCHwemMVWF-,베이비,10,"champion pool"
_6c7PBccVHcfGSKMv_Qn3O0G-N_sDSapBgPORXZmfWLR,"천사 같은 마음씨",1,"champion spoon"
_6CIzVT3_o7RLRwh2jBfcJLS1hsHvyiZ7eeQQUyV7ITKJeE,DaedLEMON,1,"champion spoon"
_6DBGh9u7dGe2xI7bZvedp4R3zjPREXphieRZAOloOCU,해병은숙취없다,1,"champion spoon"
_6ebZcVlQvTkG4X19gnSV-vufxMvyDQWoQH2Y8jlxNo1tAR0c5DeT_8q,뿌까가루커엽,1,"champion spoon"
_6FoPWqNBFVaoyeNy4QROEQ8quqVGEdtJXW45dShzOO49XzwHriGt49s,"꽥꽥아 짖어봐",1,"champion spoon"
_6g9E_oMIlLtjCLHPkp2lOEfL6GkbdDnQqEXamzcTnawcp_t3JNia365,ilillili1,1,"champion spoon"
_6htJDbqMP2zV_Fifb5HjH9e5-yb6eInURQDvelweulRS1iq2bMqOMU5,"블          윤",1,"champion spoon"
_6K0sNYN7bDOA8884y4-5p7hd97wuNeTge65hn1FpnUIgfUhf2o9s2Wc,"바텀은 아래야",1,"champion spoon"
_6KF8s-Rtl8a1sF_ifOFg0QHULrDitcYSshUHrqw75uW,"코로나 19 virus",1,"champion spoon"
_6kjo1g7D5lsKRr8OFxxE0DNaKIoWhwkAlz-eCanI0oJvdA,"뉴 별",1,"champion spoon"
_6LlKvBCciOgzsMPh2Hj9gMmQDOQpR1X-bsVolcA_w01zos,레몬불구름,6,"champion pool"
_6njpsPhGMbFr6cgbapUQJ2AzF-l46DA7-DG_MGGe3bb,이집원딜쫌잘하네,1,"champion spoon"
_6NXwlZSDESrPZAb546XdVo5_NKZAyPfldC6i2to_rRv,"꽃 사돌",5,"champion spoon"
_6o5azYNaUwyTR6WEItpyYH3RUClZwgPtY0sxGijxScOZo8,Momiji,1,"champion spoon"
_6OO_6wieNw2hsg9YwFG06eY1Ix7-fakbFi5dRCL4svk,도랐따뚜이,1,"champion spoon"
_6owgvw8cFUOfL2e3WbK6AL8Jb5W09pDIGqLH5cDeNCX,"안녕 조이",3,"champion spoon"
_6PVo7-ugeZBssl4T4E9_Uw6oQ6m-SLztU0rv5VgjMqJS-o,이쁘다마음이,1,"champion spoon"
_6pY64TLrncstuYwBEJMsoUd-iJsoUYEX6YGJni-slU6MDw,"상큼한 멘탈",1,"champion spoon"
_6Qsr4KOt2EIjtOx90MKxQCNi3lcBqrUiV5JdWcw-9ET,오빤공남스타일,5,"champion spoon"
_6QYwuab8qZqDhIeAtxxQ2YIf2IyeAiBmEQUd4WuFFWYdhQPhpcoKzW6,지리산메뚜기쌀,1,"champion spoon"
_6R_lug3cEiiq3KOXZZK5vrdRy_Wvcqiy36DtiSWaWMaemw,메론맛있다,1,"champion spoon"
_6RVAT6cvtBAdW1Pr8-_uetBEsEvtKtCL5kI-Csq_J_R,클리우드,1,"champion spoon"
_6RzNTVHI59vc5sSErvlmCC634EtLIqtV9Lj3n3qBZHp,도노반6,2,"champion spoon"
_6S2aIdxhf_bgopJiQPBOc6QOV1-B7lodyGPEGyDzFVNfG5DqjG0xAmS," YIN J",1,"champion spoon"
_6S2ILh5ulbvHzOHs-vrO2LpsEiCIp6oeeRjTRXEgk8rvCw,각타리나,3,"champion spoon"
_6SguLVCYISTsZar7cAF20eovml_uUwqmsu1y7QxHNyeEZE,율현님,10,"champion pool"
_6sJoes9Y_iTnkiKDE7ZUnde38cpEkwqY3qi4_R0qz7dpak,qYoYp,1,"champion spoon"
_6tjnAl7jF4dMZa0q0XbIHAs-BiGjrRmPHJ0iIVaQCe0,"Sona Professor",1,"champion spoon"
_6uEE-jv311Exy22e9LMxKc3I75JF2TCcvbs6gWQnKMTvAeMN-f0YsJK,075A,1,"champion spoon"
_6V51FQCJna3VZG6C2bgxtdk1QVtNfzR-_GVKThD4sqiezc,캔자스3,2,"champion spoon"
_6vaaufjRfb4emSGzTTuNbg-At7fCV90KXYA56JXhhVD,겐세이왕,1,"champion spoon"
_6VsB7FRz-I98CbUUW2Hd-qNmeWYRflVqRTOeo2MQ3IE,ESBY,2,"champion spoon"
_6VTUwMYwD7Ve_yCLKfdll40SmFLJEwKTyvf4MqZvM77cRE,J1N2,1,"champion spoon"
_6Wee2kN46RBQAAOMJhR88Th6mHNXVohtG-3X7aCrp6MjUE,"스타강사 최선생",1,"champion spoon"
_6x5od17R2KXw4xaal2VIG-zwUV3YNMiDzDNJE_Lspl5xQQ,"Loop of Fate",3,"champion spoon"
_6xcgSExW1orO-AIusJv9jxKdfVtkkt5MXh0h7Nu-lYsxeU,jinhjo,1,"champion spoon"
_6z0sPqxNbrIvu8-7rV5Bkd7Y72rqxl8oS67ZvNIAF4m,tanwanlanyue,1,"champion spoon"
_7_K4Qd8gSWvlrJ5CVWYurLl6vcwFKW9KZ9AYMZzMgNoy6I,행복전도사HAPPY,1,"champion spoon"
_7-5Uxzj-hSAsOIH6Df95m_RgmRxEtv46Yvm7O0-XLha,이영신,1,"champion spoon"
_71ZQJa1N-GSv4j5seop5nGtQPxM1XPxffALAytUYG-qaEU,"Hidden capacity",1,"champion spoon"
_77YXLle5i256D7oJ25sCJHpLLnomgf6DYNBHxlVC1B9,스크라이브다,1,"champion spoon"
_78i5VRluvhU0eahkotER4pYoJjXIwzb8WI3QvgIF0gO,"신들린 요리",3,"champion spoon"
_7aopqLtLDsqIaQTEe3MbonJ7pFTPgh1Kx3TQKcfGkC7,AllThatMel0na,1,"champion spoon"
_7cA94MNONInaEmQWQTnTCGXbj_qDPsudh3xmO25LR3B,GoooRi,1,"champion spoon"
_7CHBLS0fLr6za1IoNapima2zh05Ua0kE1rmNe_c9fDt,팩폭맨,1,"champion spoon"
_7cTpA0zSPTRlASo2H79iN8FFtmDqZNfIkOVsBRlorZk9Xo,"내눈에 탈주각",1,"champion spoon"
_7D2hpbyhRQl5j-vIBx2KDMu_ipTe8jhzwOrPhyRtIxvkx0,보지라,1,"champion spoon"
_7D4x5v-oYG3MJI2V1VzVVwzYogUbJ4tRi9n9OSpgFdg,드리미스트,1,"champion spoon"
_7eKS3V9mAqaAQiEg0Dbwrn7yPJ16N2q-5Lt2kkwf2erAsw,"정 덕 두",2,"champion spoon"
_7fbJt-4Inx2NUwCBFYaTP0XJtSGIiUX7n04jjZweHXI7mI,0AI0,1,"champion spoon"
_7FgjaFSCFCBEL9ifBZARsqZIv5X_2aqntT1t_oanYeyi_v3FKkw2V_c,또벌레전드,1,"champion spoon"
_7G454fzkdF7qht0oAgaompBlMydeum-6jw6TuHxJBRw4xmB-j2aUIVX,guccidoong,1,"champion spoon"
_7HdkASitqYFpQsdJ4JPUmdAWLQPSolE-Qq78OYE1RLultTGlZ4uBomS,"jusaka king",4,"champion spoon"
_7hFhDPD3IByCY0C_GzYBxa-1fOUYcHu3KEVQDDuzR6l,"Macaca mulatta",1,"champion spoon"
_7hi504vMa0e6XY7iGyiTfKTP2_EyiLW3-J7OzaT1kwcM6U,아무튼그래,1,"champion spoon"
_7hrpTV-AzBECQLLrT4Fzv2Ejml2A7l7P7Ui5jw1htL2HPc,"원딜하는 현민이",1,"champion spoon"
_7hw-DHnQnTjiptnXAaJJpDry3qgglqmoAloYvvOwowLqc6P3M4p6hfO,강다솔,1,"champion spoon"
_7iVhxYE7Bn9zNHvc0aiZy3h1vSrrPBOQjnJXO8wuP--,"윤 댕",1,"champion spoon"
_7KsJMl8ujjYlLLdn3TBfAVS9tw-2gn1MRF-020OozC9og8,"멘탈없는 정글",1,"champion spoon"
_7Lz87c5ITsGmOF4FXydmbaKXX_VGA_seEnbdSMYjQlL,"One deal92",1,"champion spoon"
_7o4Jx6b4mUGlQEdPY8LM7036RYOZBhKYVdkkpqhVpV8fYQ,머충해,1,"champion spoon"
_7OI4pm9m1ur70I-36iHty-5HClhpvpA5mdqT6HRw1Hby3Q,wulihuitian,1,"champion spoon"
_7oqqA4awPMStOzuPuybQNpE34hKARpuORbt374zxqfA,루까치,1,"champion spoon"
_7pjWALTZplqlcjtmYpKCbHZLWOMSwFbSZW82aU_ORBm,dzil,1,"champion spoon"
_7s3aU9ECKCGsQPavgA8vXmkv3KkkuFOE4hv79CSp7LrqZLdai3rNXaW,디서블,1,"champion spoon"
_7SakRThn5qhq1L89nt2dq8hgGmTI4o2Okrfv8dJmc-YwaA,수아씌,4,"champion spoon"
_7tDSXd9_BD3VHSwWZLyq2_axJ44ivv6qbjcRIlaloDX,Do1u1u,6,"champion pool"
_7TqoD4pyrSwwtpD2tEKDNHwl--RJ0xSWFZfb8g4mdor,밀반입한우,1,"champion spoon"
_7uMR20sd6sQTHM1zBn5U-Zo99hPqk_VPqxicISucA1W,표적확인,1,"champion spoon"
_7VJCR1oGc-jK1dBnkA0IlLrc4fTM1eIRHHSfZHJNiypwzA,Mushroomhead,1,"champion spoon"
_7VKk2ppMDxSwt6s3d199jiy3_SkVeXEHJylHiGjvpYO,엽떡우동사리추가,2,"champion spoon"
_7VpFIw81c4du250CRwYOBx1FUuwLEpyLbL9204UMhhx,짜빠구링,1,"champion spoon"
_7vZPvXons-G2RMhOwXSDAKMNrsL3Jcu4i1pc8L5xsci,미아핑말고경고핑,1,"champion spoon"
_7wqWRoZaGUL3LGfE9cMBSuWuY5qdf_b7cazGILxz3Lv8Zw,"공 갼",1,"champion spoon"
_7YRkMhPEU8FOypUDPgMoPY4u7rD5Mw_MFlwFeXACUBeqv0mQILXhr_b,"롤 어캐함",1,"champion spoon"
_7ZnxQTjjMqOIhBl2vPcSKVBSrJ8NpYoz0tbHRYu0YFhqHg,퉁퉁ol,1,"champion spoon"
_7zR71k6ZZQfh_YoXVgEzIPk2i80N7larHmEY4rCA-sr-cU,엄마없는페미들,1,"champion spoon"
_7zS7v5L0clCs5V8nPgpd_3LNA4R4xupzAAl5OESdmMnrUATEgQzvfb9,"chaos Wo2rld",29,"champion sea"
_8-ptc5Db-sNRXo_FN7E28-OqrXoYcY2dWmygJ-fWk6NIqU,마도미,1,"champion spoon"
_81kc9VlS_AKD6tFjKqLPgwkg4yzZl6ZDbwVJ2ZneR_X,토마스and친구들,1,"champion spoon"
_82CTjl9getxunGIlGCZLa8VdRraUuObS4UClVQ1hwUW,"Flex 해버렸G머야",2,"champion spoon"
_83IEGOHDOC_4Fzsm85k09gD338Y1w1D3XSu0RREy_A4,뽀뽄데왜넣어,1,"champion spoon"
_86PBkx86yxr5bmE31NwD7qDi6asDQVY1FJmEZOKPJ_J,계약위반,1,"champion spoon"
_87Eii12cQVyWQ1XBo8xs7oT6O35OvdNsu6BMTUeiBs7,R키도난,1,"champion spoon"
_87NzcgipjhaieRivgNYTrs3iiA_OAP8Qf0Y3j7R-zqN,asdasdgw,1,"champion spoon"
_87QJIgFP2ZoloOEJIlykF-fyZF9cem7vDdTpZzaCzBW2vo,"잘생긴 영주",1,"champion spoon"
_87VLfu-7cirac8Qa7ij-XWBc0dj25U0ZpGdoirgO950IRs,바론친다낚시였네,3,"champion spoon"
_89t4KWueeOuDGtsdqAIMQH-hT-Ki7vLvZZDbHyA_vtn,"TZ 욜욜",1,"champion spoon"
_89VCvWVpfpF6pr3l85UjEhClEm6bE1QqM8oXI8_91J3,Cham새,1,"champion spoon"
_8a_xojK5PwQU97Cnzp651upZ44XDVnF4kasfzlqFDJu,너프먹기전에,1,"champion spoon"
_8ahY5_3zRNigGXFAHJKyFaGpEgnN4g4Dww_aNs_IYnUF230wCezPDeV,jgsup1,1,"champion spoon"
_8akX7fnMD-bHYctYW1gY9pQQwKSkt4kdiCFwZDH4wwv3jw,"지 배",41,"champion sea"
_8aTPjiVFDXO37JjbgP9BiODv7MYyhaJnFfEUGYXjjjP,Gunda,1,"champion spoon"
_8BkHep1Y1BdXOkjdFfuX8h-JO3uh56Dsrs5I-t4GAZE,"Ganked by mom",43,"champion sea"
_8bWvHtV0xLN-IpGyuX39QG-1Rqe4m-j3YVESaQ3caLw,"6학년 4반 박소율",1,"champion spoon"
_8C8wAgZ2V3sP0XfBGFo_db2lp6lV9ij9wPnf5tcXkWyhoFhNwKIhje4,Selana,3,"champion spoon"
_8cECQvbo7PH0GSQRM54Q5NOgp77zQhJD-K-7jsiW4EHAQM,"깜찍유저 뚱이",1,"champion spoon"
_8Db4aUp9zYJEZmE_vGLDEP7Nxfs-P5V0F7dTJfoZRL_ch6fiM6mYzpF,"리짱 사랑해",1,"champion spoon"
_8dqa4Km10Pgd8JizcDZLv7tDwA91MNj07D3rUwcJIIgpxE,"Njc Sunzero",1,"champion spoon"
_8Exl2xpZ6c0Apb2ERAupH6rH_3AUWjZJ1CvjzzoFJCjh29Wk9BdEQf3,아구창때면던진다,1,"champion spoon"
_8fPTTAKKsbezmepxkiqlvso2dyccdfOBfsFXRfkINJr,"ITS YOU MY LIGHT",1,"champion spoon"
_8GcUiPsOPaF3WtdH0uy9rWNKrrvhHfc6tndI1RG8CgwyU4,프로그키스남,1,"champion spoon"
_8hDzu0rnhYJTTGQduFEQwb-E_5ZjnLX6LlGImtvw9psrd8,얼음녹아,1,"champion spoon"
_8IlND014LYptDIAF3rVYfbgWprrUnVlJuosAMVnu8GfvBE,정글탓하는원딜,1,"champion spoon"
_8IZsBQEFsJgf_YnejVap4u7fiKP8NrblC_t4tkawK4HUR8lQEaDLCd9,도갓12,1,"champion spoon"
_8jlpQ3cCOuzLIRr2WfkJzJDaA-zEo00xdViM5yR-_4bawslBVeCVjEX,fursuit,1,"champion spoon"
_8kFK0DK8JDuoJFuK16u2r1iN0DOMrT3fyW8tEAGlV9K,0neRepublic,1,"champion spoon"
_8l2keejJGUKGs-yuotv6PxTMW0lRlSWBFNmbQ8xEQp1h-cSDak0bAJK,Goverher,2,"champion spoon"
_8lHRX0su0PFBEsGiBHlFlrCqVkg8BOFtpIPUBhMEUjy24A9lFEj6O2x,"The Bans",1,"champion spoon"
_8lolU2mU686jgPlyNsOEavXf7selVVrZHw8zKrEhsbrewQ,섹시했다,1,"champion spoon"
_8loTzMmQI4rb8HUFTlV4LaC7AY16OAzo13LrLeatx_J,휴루야,4,"champion spoon"
_8mJGJiGk9-j4Nbfzgoy_jintNWaLJzXNRUtsam9LdVgkNY,Tuso,7,"champion pool"
_8p7dtmkNHp9RPUZsg76pEoU9L5S-BPk6p5zA_NHt1G1Zk7Ogl3nTtFF,SAEROPNL,1,"champion spoon"
_8POxvANk6MMsgNIEWP0dcyJOXBYc1cj2ilPWbbmnGBi_dA,"현 SOL",1,"champion spoon"
_8QD82bzJJ5-WSmPlfrFXu19fl-JP4efG5DaBfSGVnuq,쭌PT,1,"champion spoon"
_8qpNqdAGlQ2rZVgwPBio4ahcBnF12Rs4l3lzPlHobw4YW7s78d3qW8W,나찬행인디,1,"champion spoon"
_8Qw-VezEOB_tDSn436Gkt3mOzg_strHKX2b5K5fTOVhmck,"나 이민준 아니다",6,"champion pool"
_8r8xHp_uWg37f-7g0zzb4KVVVLQB8d11zgQ0V-PKUvh,H2LL,3,"champion spoon"
_8sd9QeZaHWdj5IcfrU241lMNN8EpvCPHNCPLedgmEb7Azs,빛짱현,2,"champion spoon"
_8Smn5oOZi8ZR29AdvbKNZySyGUWr9CcjkgegaxjiZIn1zqEjHj7JL1k,q한방이면죽음,1,"champion spoon"
_8sMTdYKotvWt-EsyAImOJ6m4nBKL-DN9n_6afJoh2TC,쌀밥에차돌박이,1,"champion spoon"
_8SQzQJ6oNx57kXW73hZXkyTUSxAJrNZYwlxV69nxX7QZuc,S2Red,1,"champion spoon"
_8t1o6YkzLSKLjAKCYk0a0iFQ_sc7KIRjttiJcpEDKwTKnY,버스를타자,3,"champion spoon"
_8T7b21YJGEPrBvDQl6-P-ArbTNL1gjzWxmZmSfYjEnEihMvZRr0yi_W,Longitudinal,7,"champion pool"
_8wV2_6Fm8eoaPQzEb1wGHowdNbqi8MEAAnpxdTuIG3-g7J82PRe4UkB,따그몬,2,"champion spoon"
_8x5Sb5JSnkT5xnZeSjz8UMcwzWJUR_T4fReeLpsWrOpTPI,"임 영 락",2,"champion spoon"
_8Y72Oqv2SK7zVTQtBneWdUj1AS7k5E8KcVaFkXh5Pg,딕테이터,2,"champion spoon"
_8YHFkaiKn3dqgApw-6m-T0ooVzAHkwva1nwutHCbbj8xb0Gw3oa7WGS,어굴어굴하다,1,"champion spoon"
_8ZtKxSxC4JvObvKPhQqHI3HDt3SqwCuDqTOefs4ln5e,월향량,1,"champion spoon"
_92WKrvlZOIGBsfPhifW7e0w4aMr82V3QctwHisLjM-oCrTlcjfBau6i,신이되려는자,4,"champion spoon"
_92WQravB4IASAx5nEXzr6AEVKlni4QAhQpuq3poM2m6,"미드유저 김중간",1,"champion spoon"
_93xaVcyWZc5RyoBscPi0ice8QCCeiz15MdnAqG4_5_rm3Q,"DRX Swift",1,"champion spoon"
_95VTPBL3Nc2QB8j6PLYIJQIiREeA5TlUMWL_PNr6GU0SsM,"MC몽 fan",1,"champion spoon"
_97esStk27xa10mGl7tA7DwZ5ShFjMkxK-ZyLG-jfuI,허무상감,2,"champion spoon"
_97JezzPep4vhnGYtlHLV1GrvelF-vaeyTdhTfWVEkby3QugLjGVXI0Y,"대전시 시민",2,"champion spoon"
_997DzKUeiDrvkObM5fqoAg7sfvrr_0fA5ZQTYir_ympdWQ,도쿄맑음,1,"champion spoon"
_99TP4BVV3Kj1SmLsy4l869eLMhtKz5EgT-GTO-u_4FrrVk,라인전은010시작,1,"champion spoon"
_99UuDzm-eS9efnkg-mEH7HD38TKB08_qdnUd27OO9nn8HY,태현이만세,1,"champion spoon"
_9ANrreTdqADUk8ZT_SFGhli7IeocgSrpZ32op1NNbRvCtg,치카하고자라,2,"champion spoon"
_9b9R-e9NilbNDKaMkjRkGBsTGylRgBrqTmefGgzz2ChEKG0rYvmBQk_,푸헤헤헹헹,1,"champion spoon"
_9bDTFL8mspU1DTLFzf8tTmGomWiZ7PZZBZ6-UazvLiA,웅짱샹,1,"champion spoon"
_9bm5ujSgPDrlQ09CjJmqPtVauno3XOeEuz2RvDo6lUhgPYKnFk99FEN,Izyanyung,1,"champion spoon"
_9D49iabxzOVX0RzZL4SKSA6kdRnS99SvBRnU4-F8cA,김해시청,1,"champion spoon"
_9d8_63oud2QgHV-p3IHSMC11sbLiB_7HwYki4HDqe87,임꺽충,4,"champion spoon"
_9e-twD0OH1nhSmWTOGYsbLQF2qZtE_uRTaUx752-FKBgCE,MONYPOWRSPT,1,"champion spoon"
_9EZMAJLjsK9ra6fLHJN2edVPSdjJ8DbWFdJ0f-WKtYFNhQ,전설아님레전드임,1,"champion spoon"
_9Fnxv4xf8t_DwN_IW8BhqHnoYw-gSH1o_-iDlmYszpq,대가리반쪽난다,1,"champion spoon"
_9g6N-BA2Pm2oH0xUyJg4F4cZP8MQ9kQ-vf3AhdwkcMFR8U,너네국왕안두인,1,"champion spoon"
_9G87_7mL_0Yon5v5S705JZP4sELBW-N-9wWhxSM0Tqr,원조할머니뼈해장,1,"champion spoon"
_9gE5NbEHxDVRovOPiPVg4ELBe279V8Ub8jEnmUCV0Yk9yw4MyorN5pu,키득키득123,1,"champion spoon"
_9H-5EauZorRAc2NrE8Ktc0hkewvQVZ7IrcYgI_hVinw,위트레흐트,2,"champion spoon"
_9hA2225irqhI53iPbSwQ-7BdaU18_V41vTnP6pbuHvQ,앵무새3,1,"champion spoon"
_9ImS1FGblCA4kSfNoE6D8ALu5fagD-T3bKKY32ftVHtveU,멘탈엄청약해요,1,"champion spoon"
_9JAUQ51LnB4oeVRtvDw5_tmh9hFqeBJu5cSITC9P77k,개짬찌년들,1,"champion spoon"
_9K8oj-6BKJdMAHy1mwM5txNy-ofvj5gJnPvvsKfW0lHPNM,"쓱쓱싹싹 명훈이",1,"champion spoon"
_9kLK2VCp77tTNHjOAFAWuKDsNg1stNPDCswAdNXFkMR7X0,"백커트 ",2,"champion spoon"
_9KwxJW-yl958IMKX63XFd64OiQ4V00-iw3Mnjkkty2q,홍합을즐겨라,1,"champion spoon"
_9n-VfHQuyvSzr_P4k9Jx8QFcWj3orswGg37ybhTH1zd,SlayMaker,4,"champion spoon"
_9nd_q1pJCL_VRG2Bp0nxfpZFWvrNemgm9I9uqMMl5RkQu1Fp9ghA_gt,"Buhui Wanggi",1,"champion spoon"
_9peVa1AUyq-fRsgOd4M_9iMd29DELq-MRN-xX_fOxe0v1o,양학러클럽수장,28,"champion sea"
_9Rb1uAXYxjd59948h5tDGHOvHrmQU03C5s_ajfGQh-Otho,금메론,1,"champion spoon"
_9T2Deo4V-AMWWgHbMP5-TflscXNuVGmk5wgtH_kjfsI,스펠체크하자,1,"champion spoon"
_9TIT8wb0tBWn_8kmCOipP1MIO1tU-LC9tjZbCNbQEwzYhA,주동글삼촌,1,"champion spoon"
_9U29oFOrtOszmfIcIp4baFeTwr6pZMpln5WhKV_5p9SIlk,쉔상님,1,"champion spoon"
_9uUKxMQ36UID-3ILEvRLQpix91aSG_PccPJcEu7B4ef,도미야사랑해,1,"champion spoon"
_9VDLp-0Z5CWJB0j4Eaf9eprscV7PMACOHNeFMHooYqwieGKGK7rCdTU,누구도날막G모텔,18,"champion pool"
_9Vr4l8uhr8OxXSvXstmvgF7EnlFIVqXvvJUhK7QH2uk_Y8,"SKT T1 Teddy",42,"champion sea"
_9WH2iY2Y2EHFcMHjC1ETZpESeqGwiBtoP72QvBjDcujQ_1bUEcMdv3_,불닭하마,3,"champion spoon"
_9WLJExhKKJUJaM1qHY6KG30v2OY8LnfaFTFGLCaJgMa,"23세 박민용",1,"champion spoon"
_9wP4oAJjl70y5-8yJqA-Imt9OoqylePmheZ_QIcS3J0C5I,도파으후손,1,"champion spoon"
_9WtvvutvOAf0z6rMmWQEH_X3lntg20BRHxK1_Cm6xYaWkj79BEE_EqO,wowbubble,1,"champion spoon"
_9wYpjFlh1jDNICyjQFekgUVZ0eD8dkf6cje4_P0xuJ8WNE,고천비,1,"champion spoon"
_9xH1aLOw7cinBkxkGfHcNXmCiuXxriC4-gdES0esq0,Cheese,1,"champion spoon"
_9xRgPaCinkcfxP2tuLcYpPzs9kKgLfukyrvGzzoI4rIIi9exm0M1YFL,"혜 붐",6,"champion pool"
_9yU4-fbHk4VoSrwq96CweUs9_PPAge0Q8gRRK8H13kf,"The Revelator",6,"champion pool"
_9z6xagnKrR4EkiPdUubdqrrYca4Wvolh39kkGVCBcicK4nz5G3O1XqR,"FA YuNi",17,"champion pool"
_9zcaSwv6VKqGRP-oJ_e62sueXZBLL4vs_ZZX2s5ZDLzf5e4TR0PQR0W,"엄청난 승호",1,"champion spoon"
_a_dzAgYOTnWY6Wl4MtWFYK6moufSnRnJEEBfC8nUQnH78xNGYQT9hE6,"xia chi liao hao",1,"champion spoon"
_A-3g3x8_O2dHgDLB0fen5XPDDJUYg04eAFw36LrH4ajRzM,울지말고웃기를,1,"champion spoon"
_a-iHg1GAFHziPcsVR4Wu5BcKervJXV9MVBewOaLCTuH,근태park,3,"champion spoon"
_a-UfRg_T3RSmXnTis5A811V7fiMoOT_VHCOxALMyIgL,Bronze캐리머신,1,"champion spoon"
_A0-qZc1ku6UZJo_AzVdbv9NMarTJlEBtWYf3zE4dpc-2961mgDByM1Z,"3픽 양아치",1,"champion spoon"
_a05fYLZxDIS2ZRhbXWRL8fxJJNYNsDcckG_Q8Ar0fQYtLU,"피쏠린 두피",2,"champion spoon"
_a0ckvOv2xbhPbDyHYOGY3y8KdsSTWK1lmlHvYNksXQe,"라면 잘하는 남자",3,"champion spoon"
_a0FOPKfHHKwEAHCse1pDXHwOIDqyTBW3R9YcSBUGEDR,탑정글봇,1,"champion spoon"
_A1GmsAz-dRsPCF52QGHIy49UF5UmeJxeoL9aMpfRL77S5rSfJMtpn68,"Oumae Kumiko",20,"champion pool"
_A1Wm29UJsXQY_AixDJaiMZb15MM1FQxD3glbajbU9QSlh3P0bzrvz6O,건강한준엽이,2,"champion spoon"
_A2HFb4p-8xRPo5RspvP3drW9dZznoiXhwSMczrGCAPt,돌레드,1,"champion spoon"
_A3D_BX8oRCe4R2BqxRoEAsBCGZeymkO9gjKyVBxbBWN,학력고졸직업백수,1,"champion spoon"
_A3KMyZMY8aTBGe-oKhRmooKnonT1IcX1IxXVTMUzpIR,예비군만세,1,"champion spoon"
_A3zx1WK0SC2VgItklNWZ_-e5GCBrjkrkoKwya-1SwpVnpw,짱또롱,2,"champion spoon"
_a40aCXlBxFtuGMSzL7x5ss02hXmAjOjeQpSCruXQMI_,날씨는구름,2,"champion spoon"
_A4BY_k-HRZjwD5biLLkIBrFsajtWXkO6ZfdyGjgAXxm1ox8f_nBnLQ9,버엄쓰,1,"champion spoon"
_a4gxXLbnDKDF7JcAV5cFkPyMyryMCnbxRXzkrDbGms4KvsAs9I1M9JC,김병콩,1,"champion spoon"
_A5fs_42KqFRcT-zqGg6w9xReNW4A8HEdtrOrRoceYQugiw,"Support CLOSE",1,"champion spoon"
_A5lB821t3c3ZV0A9lFPCuX6kD19aCeNLuSMCAaTo9UZ9JQ,갓문복,1,"champion spoon"
_a5zvLJV7fmM2xqTC0l641NA1KaYpE6hsr4d37IsrIZZj6t8-I2ZGAFF,강안인,1,"champion spoon"
_a72L2LQ6DqNrcPccd41Mc5n3tsvF6Ela9L6d_9qiP7y,귀찮군죽어라,2,"champion spoon"
_A7gMVcRERct3VULAGo24eTHqHSvub2pr_e6SjWhijc,그리고엘오엘,1,"champion spoon"
_A7iEDkPQNvbB9kmhnu3JA9O3lnaW1FnQZ0wfrwP33GS,RYTHEM24,1,"champion spoon"
_aAUJwiAqX8L4b9AI_DdJj2hkGwaxUJv6jYLJa0_4Bdj,Chrysaor,1,"champion spoon"
_aAyjEDjG3ongLq1lpmrED8Iuhlm22huucQBs4vRK2SyoUI6RBaD9-PL,김건부,1,"champion spoon"
_aBe_umjFhrpCj3YBF4r5NxaH-DRS1s3CbsJgylVVxiW,서폿잘하는누나,1,"champion spoon"
_aBqdiJEmDnPweRBAQwnRKnQN1ihPLvytQtaYVTrstTg,"순 발",2,"champion spoon"
_AbYQuwUNRUANWnxi8PaBrsKTu9ti2x2HQhKQu4qHx4t,"칼바람 나락 유령",1,"champion spoon"
_AcP1yoYeEUObjcKX8BUETW9P65kLsY8Di-_VVmFX-vZtT4,개미알,2,"champion spoon"
_aCV3C3hFeqJUp_e1mGm05WA03EP5aXayQteDH_E5PPf,짱개시스트,1,"champion spoon"
_aCvbKLa8YupQTzzekwy8Ya5b5ZAq7OoEuivBMxQ6W3A,김승제입니다,1,"champion spoon"
_aCZQ7AWralqLKk4q--VzKk_X_TJEVUDl7cn_zYzUPPeUDs,더힘듬,1,"champion spoon"
_Ad-lm7By08aEc7evGKCtsLcVlUPBT4MtRxAVSfYMjjY,"나의 거대한 종현",1,"champion spoon"
_aDCrKlBAB7UdnNMsqCJYL0fNELaVAtEyXOjxi43eUval8c,현자수지,1,"champion spoon"
_ADcx7GMVW0Kk1hIThUhrq9Yslp7pO7n0_tHIvQmwfKQ,아련한생각,1,"champion spoon"
_adjDhs5GbPirbwUmr3tDwlHEuqogNc-GoqUwEdfG8IMUDI,1유0정1,2,"champion spoon"
_ADmRFHmZmFBjN1jjs3ix3AjbVWuvxLfEwXdakIC7FMVOidsCEi1Ch3E,corae,2,"champion spoon"
_AdScQ0Yd1Lt8pP3JOHfFY1JtHDExrkKxv5RmkWVzstEFfM,I쿠크I,1,"champion spoon"
_af3B2m_T2IowGmyhE-X4NgCszJABeurON2nGeb63IDUKSc,와칸다포에버어어,1,"champion spoon"
_AF7gbrhbiu5zFNrcH1b3mJiX7BlUobp-yyihTPzHiTZ,연승을끊는여자,6,"champion pool"
_aFfc3jh4nzisM65_NiqPxz7edm2XTNopWtxPEWhDYPx6zY,장학생우유,3,"champion spoon"
_aflOGVtXKhaToXeAg6u6ZoschsWHBCJM_F5sxWNkHgKg-vpA-XYrQNY,샤코하는사람,1,"champion spoon"
_AfZ65XRz02vvDOGq3XLGL2k8gw9v1EOSP1az4IsUKVnFak,"히 키 HIKIcos",1,"champion spoon"
_agFh9wtxLP6tSxrbo0H_JWVyC7lOSOI5UeP84_zg12S,라인전은원딜차이,1,"champion spoon"
_AGg_JA99PkGG5F5TWe1mVG59k7mRU806-3OQTVXFIVfN_WPTTWzD2A7,keair,2,"champion spoon"
_aGK3-0tIvCcd79MA3qgjoer5N1c9_YBbYzW_GGKw1sG,BoSoo,1,"champion spoon"
_ahBOHFFRgRhDnrtVQLICMOzUs6_YGaHOAKB61s_i397,"아기 여단",2,"champion spoon"
_AHNkLP0MYhe-wHJHkGaFV2aucC0gmyTzAZ9KFvh439s,"눈 누",1,"champion spoon"
_aHvqlJFJh1tG5WrN_OVkXshLBmlFv47Vqc54exa0eOhQ4Y,진짬뽕한그릇뚝딱,1,"champion spoon"
_AIeEytu8k0A2WXa8lzyPTiGY3_vG17QomHC5DUemeIB,MoneyRain,1,"champion spoon"
_AiGbfmaPSfoOZpIfdGapTO47IkClP1pSxpNNUF9J_4dJ9s,"교동초 3짱",2,"champion spoon"
_aIgIQd-UtCIDRSFrj9Lxd8vKRw57biuKFIHS4LzLUUIUQY,Quintuple,1,"champion spoon"
_aIXG4NB2poHOt1oUgLH4oU3O6fqKlk77XE3uViXMeLF,하단동일진,1,"champion spoon"
_aJ5fwN-kq54u7XiSglqGplzq5eJzRGMjOll_froa2Qk,"dal zzang",2,"champion spoon"
_aJBSxWluLwUh-AzuIbUWk9-3aAbBRuYsKGbq1-dQZZ-mLo,"한 중",1,"champion spoon"
_aJKSh6BN3YmvnMMRAKUUuyEc_qfgAK9awY0fHNdO-pnUBY,연습하러왔어용,1,"champion spoon"
_aJq9yQR2qIr6nkimhJ4-jVZp6Vo0MOpiC8ya2z0OXyGfKU,"Luv U 4Ever",1,"champion spoon"
_AJQdoiHlHEmzXWqmz30Z_az_5orDWk45GsoA1SOToQOM-0,편도암걸린사람,12,"champion pool"
_ajrYBJsbKn9H8UZdWz7NbK81hoqFkphxlTJ6Agi9Lhk,"즉 처",1,"champion spoon"
_aJs3XpTVsXIOymUwKpsxK73mbdV67Gw_3pmJbqnu24,늠호히,1,"champion spoon"
_AKITmprsKdDuagUbHBNLFP2qytbFce5xBVQVG44BE-AA74,마아린,1,"champion spoon"
_AKLnADPP-70nRfEUwtJOQDoQA3bRUt0y3opLTvJQQex-7g,꿀벅지1515,1,"champion spoon"
_AlMlp3DuDlMJg1OQxf9TIZAULpzR882QU1-ET5bJzFaRliJveUpdZTi,"날 아껴 주세요",1,"champion spoon"
_ALmxsQ_ldnvWITtQ6R9WQOS2FezEhyAfNNUuBQWmxMJ,핑크와드안박아요,1,"champion spoon"
_am4CaYcLam7cceUmloeqpEjK4lr96BJFXsngCwQ1m23BPQ,킹s컹s,1,"champion spoon"
_AmCLR1jv3c4eYk5SzQPRJxA6S5vO_Hd5xsb2p_RlVaW,좀있다보세,1,"champion spoon"
_aMLdjYKv81aKaMYTnwmJdbBCYyVOlgx2qyC10aF1k5m,공속빠른게좋더라,1,"champion spoon"
_aMudx8KbCpMz9fcHgAg29UlJA_OSvCqy8AvSyVcCEq2,10돈,1,"champion spoon"
_ANtJogRORfyps3hQNITE6ljGcvzWL2XRXGSd03wEUbRieE,아지르2번째병사,1,"champion spoon"
_anVOpRlIqNHXi2qN8Pblx0nG4D6Vu_9w6GyQdW19gC2,담배한대푸자,2,"champion spoon"
_AnwJtS-u3KmbdUDyFsuFIBKVlQvyrEOofyfepTh3FvC8ww,"O LAST C",9,"champion pool"
_anxJq1ueya7WdVmeH4eXkuCXmTEGnmQ4Azgaz2b4m--6tgUmPb0BkTH,쿸쿠루뽕삥빵뽕,1,"champion spoon"
_AOBXn3_9BFJOQvRYuOrUpPpCKcOTpJDl2sWE_kyp23I,"주저말고 꽝",1,"champion spoon"
_aoTa7HWgJqFC01fWBPjmxtrKhpNTN74XlIqeq9QRCl8ZjymhVmRsrzp,전대철,1,"champion spoon"
_ApenzUAm3uMHQUjM3DwXOWXEL2-BULxHUvTaECRY8FD,건후킹,1,"champion spoon"
_aPxk-RMApKdFLR7wkwiFCP-TjQb1M79UMzDwJYPjL19,"액시스 마이콜",1,"champion spoon"
_AqL3E67g5ao4wCjlFudwP1kqEp0SdBqB_KvKoYA4Mpg,그러면다메요,1,"champion spoon"
_AQo-V1QaH9-FLzUNcXeHPHl86BXEjYETbpapywwKpJM,부정전도사양찬영,1,"champion spoon"
_aR_kcuF4LDhzFoqDjhJ4JuMuumwRg0Pz8B20M-QW3jaRx8,빛나는허리돌림,1,"champion spoon"
_Ar07ySUIwcyXkd1BZ7u1WmeiXidZcSMbXbmlYfRxU7T,"플라잉 더치걸",1,"champion spoon"
_ar6aP346b31WLuFSRmsM-KL6Bg7zZ27yM58kuumlFfK,"S4GAK KING",5,"champion spoon"
_arcN3Sy3Zm53o4m0m564CQwnhHBREsl2MsgpqG5VfVx5gI,레쿠즈,1,"champion spoon"
_aRgwFvv-SoqSvQcNSZAGAz0lsq1CblJqmdzZIklpcPs,갱시쿠,2,"champion spoon"
_arioV4738LLGb3rq3z0xc7Sm5boI5RwS94bgsb24aaUtgo,"LCK Progamer",18,"champion pool"
_ArIYHPxgtP9B-vQrrS_hnJDslTaoxBdAEcKYxJ_xp9xRgsDu3A3CZzZ,LESArao,1,"champion spoon"
_aRua0NUXCp-3YPlw37j55hTmFYZ4vGDZdoo_6Brj3M,M0SI,1,"champion spoon"
_asRjR3VVxL-vMQ9xSn2bs5A5cg_6UVhF9du1qxPBJIUktU,아직모른드아,1,"champion spoon"
_AStQly9IvAh4yjra5Vk6RuxqifJqK2Dzaw-6uEkbvEKTmw,아무쓸모없는사람,1,"champion spoon"
_AtBk60vAMazEOpDV_4oCCbiGB-gk3foqShVOpEK_lbzbWY,"Half Kaisa",1,"champion spoon"
_aTNqa6MMTpJHpSaLd30K2l62jtELezmI-2EpQnPcAh8pS0,"낼 럼",3,"champion spoon"
_ATq4KsAKALVD1nnCSYTSM9XsSgboX39sUymOLd1_u4x,"필 다",1,"champion spoon"
_atrPorbQKpiNc-enc1iSxnSO1wGOCGncDauwnpysDNv,김현웅,2,"champion spoon"
_AtSXj6sH1VBTKtPNPiii1Y0-wI_PRGk-8YXPVGrVezR,희진이보고시포,1,"champion spoon"
_au6IL4uQzIZXvUixdPY6y-dU2gxHWpIcRMymi9qjjPmovrzPaLUKh1b,뫼비우스LSS1mg,1,"champion spoon"
_audbLqSneOUu6buiu8tOWF83Nb07SREDzXNfnzZrccsEQU,"봄 조",1,"champion spoon"
_Auw2Pqg9mvtvB7wFwfYQFwvvgWctlY7Zd56r8I6aD81,마시따도라따미,1,"champion spoon"
_AVDeEaeCFVlzzmm2GtYX_p3fT8FkUeEHkQTwdOUakGu6TA,김또동,3,"champion spoon"
_AvdNa45sEKyy1Cc6wsXBGrGTDQY1wWTArBdsgfBqsUP_lmiXF6spbtk,퀸블리,2,"champion spoon"
_avJhfwcbIJuuk9LK9JWDqSaohnja_98hDRwt2OkYxxH,"똑바로 하자 홋치",1,"champion spoon"
_AvsvcZ_RtyWJjGbojPOvAY9hmpq7_h2EgZj73OXyYPQRa0,바밤바가좋아,2,"champion spoon"
_aVtVcm4zwGD4j9RHyg-9yk_RswFtsHGASN0nyZ99pp-,Aemulator,22,"champion sea"
_aWcTU2DA0-WSz3mcqflLzGRTnj1DqdHJWNvCCu2mF40,신드라남친짱,1,"champion spoon"
_aWHE7izqWjpo5BbmylPr42d4uBH4IFGr3AqQ3P4IbvhKOi0ncchrmid,쿠거왕,1,"champion spoon"
_aWw_zge4hdSYDy4VsM5WYADt1UT2PzAa_T_Z1c87ffM2vw,"   새     커   ",1,"champion spoon"
_AXeRtvKN8Qet4_VT5bCrTnLYJm1GKlH6wX1nKFdEU9TLxE,핑찍으면들어감,2,"champion spoon"
_axim-dAv1DIh1ZpVFVRLYNySh2iGiQqVwgJ_Np1AnWi,"Take Ones Time",1,"champion spoon"
_AXiozrKSrrVDL310EZpJ3Mg-UM1HAb_D447QsysOedZHXg,"별수호쟈 라칸",1,"champion spoon"
_aXMwPAO2MJDvgsZV_MxQVIiIeUvbotS055fIFdcf1sS2pQ,민트초코와솔의눈,1,"champion spoon"
_aXRrW-5I3N0hM3A3CV89EZOr0s2lI2RgWLOcyND_evx6GkM1UYyVwVw,KRABIS,2,"champion spoon"
_aXvdWoceuj-shH0y4Lig_DXEnj_j7ujVNoIrfS897NppE6tgFOhUfYY,minbum,1,"champion spoon"
_AxxRptEcRJyMO-UTFieTLY9YzcxIWwwahKAF1eu9ONg,"국가 인증 돼지",1,"champion spoon"
_aXxUQxaaT--c7YBZ7DD1Ib_EljXMAs-ID8BsLi0nkmm,"두 신",2,"champion spoon"
_AyjtMHcvX2ApuwoUunfpCbzMFMC3DbOGLlLFZgyD28kD74,마약배게,1,"champion spoon"
_aYrP9AaMU7K9DdWw3tBaIqsyaB77u5nbEVZeOA5cWij,채팅치면안합니다,3,"champion spoon"
_AYyzkq97hdFPw4lQsK553x7p3TmRO4npkx2JdpDkbjmu1A,아니잖아그거,1,"champion spoon"
_az-NQeMaRIY9e1u8l3eBMtgG9jCKBcv5EnL7erjUb_0,01047581944콜미,1,"champion spoon"
_AZXrmYzgmza1QoHmIGkVeQM7JD9U4_s9L_xK_e5Uib5ahg,30Secondstomars,1,"champion spoon"
_b__13m8iCVjwhah777OYfepKsyHm2wmEXUaGqIcJtBM,거름용사,1,"champion spoon"
_B_2_Jlh12ZSa45tj__sYtQsRKKQKmAS4vt4_zmy3r1gPgc,으디디,1,"champion spoon"
_b_cNu5XDhr0ZBMpHlKuqqzHXk8E4HpSq6f0KPpctPRbBVKvSnTMhvi8,"파주 회오리주먹",1,"champion spoon"
_B_iyl2zXT2HVosKrUdpL2dzpLR-4L0pE-D8WzpOnLJe8Wo,"SKT T1 Kimdon",2,"champion spoon"
_B-NYuYRgAzwYKREimvsup38Y-aPyuIxOvTvmJ1q1jY,"Damas Kim",1,"champion spoon"
_B21uw0gyx0LW8qkhSqeZXABUPQYlKCWL3jyuyRzprWo,"격 통",1,"champion spoon"
_B3EAsnMzalB_hKKDGRP1yiSEubJzzNEbFPXW2df_JSItTI,진티치,1,"champion spoon"
_b40yqgPF84rms_MNrWGfA1O8x72PJmI5aAXX3DL-BWGnCs,라0I엇운영족망겜,1,"champion spoon"
_B42UvROH4jlK7QNkYwgOHuMmDxQ-QryEVDCeQWA7uD_GYg,Nakgobsae,2,"champion spoon"
_B4W6P64xYt-_KUaUm3N0_clOR0m4g1Zkq8cp1rT1j06ubQ,욕먹으면던지는애,1,"champion spoon"
_b4ZMr8I-mcXpydvKlzHmkr6zCw-bnZMwvJn-0NaVw-BmQc,푸른화련,1,"champion spoon"
_B53IgyE4nlHfA3U-4kLGb_OdO8yde3m0JhLIkUjxyRFE-Q,"DRX SEX",1,"champion spoon"
_B6JS_UySq_cjXEBYhH5FLhmwfpJVR0gvsAqWrKHKe-DQ1_6fXf6LAt4,박어계속,3,"champion spoon"
_B7B77mtD9ooEGUeFnQ9ShH46clE1Aje38eE93XH8xDb,GGGod,1,"champion spoon"
_b8AfbzQbvBlmldhOUW1dtfTN3x-VYFDpNZa8Orrw16lh8Q,레넥톤의분노,1,"champion spoon"
_b8Cd6rI5xuX6cph__WHcEpkGhgpde1X61sGZdzVrNA,"데 포",1,"champion spoon"
_B8GSJ5IVQRCcnq5v0a7qufp1YEzJiLhEDvzx0z1RFJr_7M,"별 수호자 호두",1,"champion spoon"
_b8hcuFiMSC_SfjC2ff86_dB1RgdydgAaJxZkDgTWZdcPg0,그라쩨,1,"champion spoon"
_b8tOyD9QjEQvz4xZIBz1oHtzQHq0-yOYxPV9SbS0Mos,20060916,2,"champion spoon"
_BafVLybdryDizeG2wf-harkeSi3P4GulQ8Zv9dSVrfmkfg,미소봄,1,"champion spoon"
_bah_s7R2PwkVL0bOiwgx3waq0E6HGRSjBvHgH8VgpEPOks,뗑뗑뗑뗑뗑뗑뗑뗑,1,"champion spoon"
_bAMMnJAjdOW5Kj3pPrcX04nkODGUpOnpuG24R9EiTQr,부르는순간차단,1,"champion spoon"
_BaUaWqZu9P2AGB9jGr3imkbq7N_oT4PHsiWq77RJWmsXF8,wlals423,1,"champion spoon"
_bbm86iprDRLdV5DQT8Tgb1RTb_dZ9fIOxv0KOyqBpY4N6s,"덕원 행동대장",1,"champion spoon"
_BBMpsx9Prh2L7F4FUR5vXTnbfAvWiYQ1H9wyKlBcoeA7lE,하얀월아청춘,1,"champion spoon"
_bbn3Y3IPSWeaQJLqls-plYhkuOX5HEKKkye29bIYME-a6IVH-EfjpsU,"Tempest Akali",5,"champion spoon"
_bBo0BkCIUWcsA-XR9Hp_q63j6iurUczcfp6YNg8Lw-B,라코일하면108배,3,"champion spoon"
_BBTqvVJiugrCyGAh5psHm9PYdBHpgcsSMWNN9NQcATK,"뱁새 너무 귀엽다",1,"champion spoon"
_bCAodVn347LzM5bQiZBEh87_gthZsJcVA1Xy0g5ENFh,"칼바람 조이병",2,"champion spoon"
_bCdxG2bfxlGg9WUKX3AirrbWUYQsEHx0zLs51JTceTzRn0,카르바라무나라크,1,"champion spoon"
_BcFo1Lp_q7EIMmikwaWdtdWDpXY5c8vwnYMwMHnLJIe-IXNWsbfY5k_,Haribboo,5,"champion spoon"
_BCjS8iTlRxuqDb7MUmqusIw7jKSDSeErFQKXvpMrLed5P4,"6  O w O 9",1,"champion spoon"
_BctPKtBoasNB_WTKUvjepe3aKcHUUN4U1YHU44h1Bri,원빈맛TOP,1,"champion spoon"
_BCZjF439SQvty7DcRo4KDeUMabl1XLlcvHmRa1vNvs-sZoI4Fy9uNvH,IlIlIllIIllIIII,1,"champion spoon"
_BdczuWd6GXtqBhbb1WX_C15p6YujSTrlcfsKH9l3nzIj6k,마루비,2,"champion spoon"
_BdKu6skAoKH9zvWdjfnZHrBFODpd2yp7yD8TGjiXdPE,파다레즈서주,1,"champion spoon"
_bdq4FYyAjR_bn8El8ul6apRHl5yY-FlT9VrfOy0G726,남자다워요,1,"champion spoon"
_bDU_PVPQJoWdXgIHyi5BJc9oSK1Jk2jnWsUTbAzV-gjHIg,겨울닭한마리,1,"champion spoon"
_BeB3BLwT6Kfst1LfXdGLri8sYp_3bcbFUKbsTDO9_2EWWKG3v__xV5Y,"신세휘 이뻐요 ",15,"champion pool"
_BeiLazH8lHERAmm1OgOpW_F6zxCve36K_wLl18LhcIL,이승틱,2,"champion spoon"
_beKbFk88VxKwlF8fxlTOLz9YHFLYOOQr-CQsmFE0lLG,khalo,1,"champion spoon"
_bEUyE5_Pon-pOJjR6Ql7lirIc-K5H7RJVK6kJzKXPeC8k0,2011년생,3,"champion spoon"
_bf-IoXwQljCdpG7A8r6LpGzpFe6H6aENf6mog37Jxoq,"용민시티 촌장",1,"champion spoon"
_bf8RNS5xoCQ00QgaBr-JmAqO8fSwzbqEl-fWTQaaqVo,"팀운 매우 좋음",1,"champion spoon"
_BfHigxEyrhRgeB7ys9y0JXBJUwvlQ1bgsXMvMsAv0B08ms,"오빠 좀 더 깊게",1,"champion spoon"
_BFu2LSIxY7mOBfNahPderdAL9lm1tBA17jB9likGr_ADw4,"떡잎 대장 맹구",1,"champion spoon"
_BFxjIyserBHFVTmrspacEGn2s43OitFPAUvkKgrs43a9Ys,메로나에순하리,1,"champion spoon"
_bgD7j-MQ0ArHAsleDcvl5Y-v7qIsYov89dRkYgkMG-C8yg,"수학과 매콤주먹",1,"champion spoon"
_BgvCexONVwdEzAJW6RCHERPvGuj9af1ijeyKPcLCdkMACs,잼물쥐,8,"champion pool"
_bh0BKqmG4KW6b50yaCK34mZUrHtQXI5mrmNMB2yBRjgoF0,xo1ox,3,"champion spoon"
_bhe0imRxUYQv14oPGmTGOVINH9B8yVZjRL0K83viK_C,"Mevius LSS 3mg",1,"champion spoon"
_bHg4OQznQCGsRIFMiiVHwWMo2PhXnOoxUr18TYSswQa,RiKe,2,"champion spoon"
_bhRWAggjajXv2MF_7cFzBqLvNuMlDZl3Fr9t4C7nPYl,"Aze 후운",1,"champion spoon"
_BIDqUGKc10Bnv7AnBcTCFeRXK93QJsOeEqT_6CF05hI0wo,디자인선생,1,"champion spoon"
_BirYjXDUCphIpVrqws-dUeOQiiu-35dtqyHLpCOolDu4W0,아무거나함정호띠,1,"champion spoon"
_biVJkigHhCdeiQ--c0ZjBgBqCpgyU3Z7OV40J7C50gvuDM,야옹이는아옹다옹,1,"champion spoon"
_BjT8eT0bZytg3pLPamn8Mg13p9Kpgpm-vQ6-rLy_0M7tvw,백곰디스코,2,"champion spoon"
_bJteGN5fawfZuJ5Vz4pSE8qS46_A4PV4BU_nWhNFAX4,ID20000727,1,"champion spoon"
_bLpv9VBBEzcfJCsbID0WTatrUORjdNvBlIbPsf_O890,"하이드 온 체스",5,"champion spoon"
_blqCH0kIiCq-MaO_rngKPU1v7i-3PnsqeB6nCaB9Suw,"What You See",1,"champion spoon"
_Bn-B9JxPpyYMl8vo6Qe4YiR1UWB7qZvl8jeebw0q_I,4픽개노답못함,1,"champion spoon"
_bnq3KoIWsGoNOTGjgAim43pPMUvJxDdqziV93x1SWhQ837eyOLLkqQI,지웠다만들기23번,1,"champion spoon"
_bNROfXTbHrtJEdZMcRROx2SDkshSGVNlfndazL_n3ij,낙타토컨,1,"champion spoon"
_BnYr_VRxa6mnB5qNXRd3bYCXYLwr-pfxEE18HSU_1aGj0Y,"녹차 쿠앤크",1,"champion spoon"
_bOnkDDY5-RYvHMUAHxLSggZLEWy3TOk2fVIQVFQ5bpGEXY,칭찬은고래도댄스,1,"champion spoon"
_BOsuRDSfXmV2yNdc90Wb7E8WIF8kblO52_Ca09W4S9lWBc,쓰컹크,1,"champion spoon"
_BPmblDWrfoBUxhU6jgDPVCxZ_kiqgTPCE7IWnNt-abk,maIIet,1,"champion spoon"
_bPP8FZchr3FgleeFZDy3kzMRBeucv72eWdYxsGWft-T_9TeJKIGYNR9,수박이랑께,1,"champion spoon"
_Br9K7fD1Bk1eZQOGOHSwjSyQW6Gum17ZbTVQJlC38c,자급자족,1,"champion spoon"
_BrldYz0Rvmz9FGkoOkM2Q4tc-shWReCaMjlMQvZFKNxztZSi69VG6GU,"룰루 오브 레전드",1,"champion spoon"
_brle5Pr_PlkCuPwnET1sU0YkagxZ24WszT4_7mnivY9y9U,HS150927,1,"champion spoon"
_BrRSl85GxZf99qPxUPjIyH07Lzy8lWvd8IsNVQrVLDdruw,"멍 끼",1,"champion spoon"
_BRZlo3_zw3yUMf5MKRiZueOlSwFmMHWJ2mR1aQO9SjT_B8,솔킬따이면차단0,1,"champion spoon"
_BTdUOKMqYZPasm9I1f2gBY8Z88EY9k8hDLJeRo_5wG9oqKkW7aje1fA,"젱 이",6,"champion pool"
_BTqH7DvGLTHXN-QJYL6dBYFHaxdKKJQkUm5lmsSuXrT,건들면채팅차단,1,"champion spoon"
_btuALHuQRHkvgcW7USdl7psIWRR1dEzPkln0A22ClZTBIA,"AFs Zed",2,"champion spoon"
_btx7EOL2fh3aYVJpJd4Dyu-tzT5OXnjfRrwVEtblgOxmYwcNnGzW7uL,chenxuxu,1,"champion spoon"
_btZTf7tCpQl4ni0oaBHnGPTxQJB8P2yXiAbnp7hwONO,"여 양",1,"champion spoon"
_buCY5PoeuJYZRyUZS_gsAODHs2bG50iRHNbp3bFgcE3,와인코르키,1,"champion spoon"
_bUJoTvoKZgyf_-C601-A9v4q10esvTeH4dtBY68lXSos_Y,"쓰읍 치이익",2,"champion spoon"
_BV5ux-s6J5BYlgHMwsT8pF3Tb3MFe6TcNdIQ5mspN_ft4YOndfkdHXN,"죽으면 깜짝놀람",2,"champion spoon"
_Bvpd6XtRPz8NtVH8R_aLA6O7uO9sMRx29ahAVwIdQM7bMI,"B boy King 2",1,"champion spoon"
_BvqLW3jtpwq8rBB74qrWpk0uJUWbJy251cn3-G6JyPF,기브미캔티,1,"champion spoon"
_Bw28JTYUnC8hB-o2ylMPDwPS1n-sgezrPm70Bu8jPzmg50,"아삭아삭 선지",1,"champion spoon"
_BW3dcJGuyl8zCCRbC_HfpthqKVrKqQ1C3PCGEIXR5fskNOmyRIpcLtP,대구공일여자,1,"champion spoon"
_bwjJqT-ZiLBP7wJXrR9YNn95xG6b32ukpY_5OZBBUWv,Nyctilolz,3,"champion spoon"
_bwLsztlOCwobcBqqzphsjBy-fB7_vaUeg6H1QmBYwwH,"Can Carry 부케",1,"champion spoon"
_bwrY4esrcOuE6FjwfPpQw2DXri9QM0hvQDV71imbWw,"탈 옥 수 그 브",2,"champion spoon"
_bwrYCIoYMRrBtCNaKhARkSG-BkawTtU7dwsJpBNJNVznUI,제발무빙좀여,1,"champion spoon"
_bWueLKe0vDBxeHIccD8cNGTWkgxUrFl38ByKWHcXjJEitVVlbH5B9m2,KIBOO,1,"champion spoon"
_BxpR2WD_Iey52fBvA9mIIXsrhzWM2p2eIokD4o-MVcR,"나는 예술가다",1,"champion spoon"
_bzAjgvoHywt0TmPDvmkK1GxQbCwVfhLwjc5ma8EVwGC,너무역겹다,1,"champion spoon"
_c_FTmHDJK-AX3Erjk8BOOk_wrMz97YALNvUYINiy2zL,"ad mortar",1,"champion spoon"
_c_kXr2T80e9XnJ_j72Dd3CA5gZxpu643gKvTzdnmIKI4AA,바람이부는창,1,"champion spoon"
_C_LSRlrgH0Ls5yOZfh2_-tmtsQToPt-nWByB5v47Kyp,정됴현,1,"champion spoon"
_c_SgjeGg7qHTJQ-mtp6KryJYrzNAtv2jAH70qYDAHkbHRM,리얼성인극화대털,1,"champion spoon"
_C_V9A94qwhSF8gcOCalsz_eh11Vi9ZQEjDvMyMAZPiM,맛탱이감,1,"champion spoon"
_C08YAQ4P4utUuBI6you7nA4CgB5ZCf9opafz7lZVCepnbENxq7TD6Fv,언랭이다말로하자,1,"champion spoon"
_C0snf6Hdtk5BGWOdMh1WJpoG_qKInFBwjMdr9d6rm4t,부질없으,5,"champion spoon"
_C13x9u7NB46C-rfnu7KalfDWJyBpIznsCDfk4UlQ_lZ,KDH,1,"champion spoon"
_c1ZTMb6iKiyOKHZUV_8tyb8adYZjX5lnRU-sqpBBj5PD9nUpMfo9Lp2,다크소울환불충,1,"champion spoon"
_c2Q5bgXEYnKuVJuRdJ86ZwVzf2OQxmXmsJTc40sZxGhMwE,보리건빵빠레,1,"champion spoon"
_C4Rvgq55WvDmpAbRj7jaTRH_BDNun5ye4TuZP4-fJeBYvcnr_K2jEZh,"doushi yinwei ni",1,"champion spoon"
_C5Vwk4dwhKWfKiR6Jc-aMqEbiJmUm9Ai3TMWyhBSF-rvpQ,김꺄륵,1,"champion spoon"
_c7mSr8CCrRna4rXsD5SAp1lGQwc1GXNpZUHKlM6oSf9,183cm,1,"champion spoon"
_C7nXdrPO9DAHYMEZz_rPIQ6g8ynPE0a5yA3SwcHBCcvptY,"성 판 계 ",2,"champion spoon"
_c7Qme5Ph2igQqmoNhXlgRZqlxyumc7t1TTBdeNDncKv,Trigger,1,"champion spoon"
_C8CcLTw-xwkEZb5oNrqIZeOaU3d-qod5aj3T2JivAMd,금오사,1,"champion spoon"
_c8o5uyqAtrjonFBQ5Ic8gQwwhGqAO6o9W13QFwfbG57,개꼴라,4,"champion spoon"
_c9Hbr8z7HZ-SYdyJ4LseHGoBjpZi5EOdeh9x6M9PpvX,Jad,1,"champion spoon"
_cAaCZ8IgEtXVJV8hit1Z4peaJnhaLTI5UTA55X51FFrm9kRC-ZNSgVp,"노력파 재서",2,"champion spoon"
_CAHT3BCgLPW9kldliZFU61DCZ_z8lX9BU0NIVkgMUaG,길동군,1,"champion spoon"
_cAhWnUz1Xhki1R9sXEkbUcq8RRWUh2vIJqoqsB-jPWm,현듕몬,2,"champion spoon"
_CAW5yFjL5pDYljr8W8XtBbEH1qUH7l0CPPAe-UcFBCQJew,MoooooooooM,1,"champion spoon"
_CbEjbhujUoePcL4f9twkelACY6Vb8xngD1kiC8ZACCG,착한젤리,3,"champion spoon"
_CcgDKhOvfax6YN-58NOFwzv9DUvRJJWr2diDGSqFBRufoVoZ38T02Fm,"치즈 어묵바",1,"champion spoon"
_CCUttqLJ-cpBC5MNLlEBG24b41CxdWAz76MJlDkX_TDcaU,솔다방미쓰황,1,"champion spoon"
_cdbp_hqw5iXKlD9_Iif7xCRx5-sqlyhBWimT1MzKz1kszO59tkE8qL_,"반박시 일베충",1,"champion spoon"
_cE00-V83UDLP4M6oZfgxKIwDlbyc2ayQTSjRKkdtKof,파주김머훈,1,"champion spoon"
_Ce15Tjis8xgguTGtAjyL1MtkRpqAlFy_anID4FTjVjty-W5hk3ljNaj,Karakoram,2,"champion spoon"
_ce3MfzZQE3dbuN009JTJuhfECp8tW3uoC2W9YSgizw3J43K9a35AJW4,"괜찮아요 서폿님",5,"champion spoon"
_cEkxsAL__3K3lmXlDoERPxw5T0Lu5cLSIdgHH0K0KGTdV8,"스 휘",1,"champion spoon"
_Cert0fKc4cj_sx2OaG8oXqA_lkr-U_3Rm1Koq-KmKBi,타락파워도진,2,"champion spoon"
_CF7dEd1BKSjBKVf2bE17aMtpGgXwwJSZ_bjdadhNPtB,일단딜하는중,2,"champion spoon"
_CfcER87S5TVBI3Ck7b11WdEN1-6XdtD7OvxXLTR1TPz,정말십이득이야,1,"champion spoon"
_CFkHWptXZI7JnyYNcshISFC82Orx5GLOAnxiQVMtua8,김춘배임니다,2,"champion spoon"
_Cfko-KHaFZLoBS5J2yxNj71oZ9WFm87rd39ZXithr6d,Tadera,1,"champion spoon"
_CfONGR9a97fln9ArfAlWJIylOOG_GXOR8TDAk9UKNVgGrg,왕마천,1,"champion spoon"
_CfoRpdOXwdluVWFidYF8gnC2MJlanxdd35LMxE_js3HTL4,눈아야,1,"champion spoon"
_cg83lh0ncPMb6HjcR-Thzh6TAu4eyLUaxpGIkISF05iPeSoOnTczzdV,"Alexis K",1,"champion spoon"
_cgNL_1_2oOOvYBB686ocYp3lmpwotuSb8ODCHMLnFq_,HMPark,2,"champion spoon"
_cgOX3Pas55UVhmiObBh2VeEVpjelWHT8SB5NlerIHAtjLk,아기만숙,1,"champion spoon"
_CGWzOcSFXZ2mc359-5NmkvAcP3iXAgjVwOE0f6Q7d07,"은강아 뽀뽀",1,"champion spoon"
_chCpZa-pGV-KtfxP4RZhlfL5knrXJEZospQfoRqu9bc7vc,디스피,1,"champion spoon"
_ChiJ-ZTp9Nmy63C4VAXEDX5EgP02g1pzdppU1J3UryXRmaJSz5Zb3cG,"됴 퍄",1,"champion spoon"
_CHlnropXs_1565mp_vNDaBzhN4li2YFADVY7HZ4eRGJ,hangover,2,"champion spoon"
_chn0pMQ1hw00TB8pUFtGE7n84vn4LlVafVYH5Xszvid,핫타임받자,1,"champion spoon"
_CHYZMtdfh8Y7F2wHWcz0N50mdjqqtwRHaM6ebnPBZ4,스마일팩토리,1,"champion spoon"
_CI5glTkkLwuBWT166srp-Iqe7baD1ljcF0Pqr7zYvBsD3A,"쥬씨 바나나",1,"champion spoon"
_ciBEjEBMMtH68yBZXrDbn7_0ePAiB0nS3CnY7aPCUiJZH4gPfDgReZ2,거니거늬거니,1,"champion spoon"
_cIbnrditC-XLbpze1-Og6CDPcTE0lOm62_qni7vmGS6apur3pIcXOSp,꼴통집,1,"champion spoon"
_CICp8qvhHrplRJCarqNglpxopqNgCB6zd4RFysZaK8,"Aristo Roach",1,"champion spoon"
_cILkejCT5J5c21bFT_edz09l3ALU3BhcshSN_RP5MF6,"채팅금지all mute",1,"champion spoon"
_CjiNzC7-pB1VETMGTcMs05Di4iKooWCscCr_CvQQhKLJE8,에줘뤼얼,1,"champion spoon"
_cJOPpWbHAzFjFGoP6FXhIPS7DBI0ufmKIKkaiffytmGm4s,다리서폿,1,"champion spoon"
_Cjtk5k8i5JDIqQvfCx5sxyD7jqUK_-ovDhVNfDEU38G,R00KIE,2,"champion spoon"
_CkioarMYiSAxIB6xla_GlbdhONF6HL29mGh_OJZX8Citdkzq0ml__Q1,"미 카",4,"champion spoon"
_Cl7vB7hvFw2GUMVH8EOLDMJSbHnAFFnCmOjEEy1Q_JM,"그래 계속 지껄여",1,"champion spoon"
_cLCuyuWaZ9m7-44RCok6jgVlleJc1J5w7VvjNUro-9KrHk,PartyJiny,1,"champion spoon"
_ClRADAGAVpagwAmWcOOamxfhMf4E56V60dFz-id1Dez,"루실 내게 힘을줘",1,"champion spoon"
_CLzMkn41BZjd3CPxoF0TMtVRI_Df04IH-sLuHTb9gmx,탑미드정글만,1,"champion spoon"
_cm2he3Oc4vD-0Y6UB8lJl6Fwl6TgdBsCu9JGCVWkEeMtrLOWjvXEaVg,"원소술사 럭스2",1,"champion spoon"
_cMpPg_JoyeSrcEiRuSOOBKkHUNfMmeCtADWb3c4_kmPrIU92JI_bhHq,"ri ben gui zi 17",2,"champion spoon"
_cmu_-wkxgs0L1cBVWTfp0Ii9htdVxvEru8Fpeq4IFSK,큐우웃,4,"champion spoon"
_CmW4lnTeAF2GjgkYz5XPR-rG2nw4zuSO1UOCkgrmwnz,ShaED,1,"champion spoon"
_CN4S2WX_TzvmCXNFRVUg6fSraE44iVSJXOGtD6AcFYPisY,pikipoko,1,"champion spoon"
_CNgEphRkqO3hJ9yt8k6iWhNIzakiNpI5oWiEOWBp1WAzpM,술줘달콤한니입술,1,"champion spoon"
_CNlzyC8AtHyTz4PRHpzyd95fTxG1r-lRfzTglYI8_6GohE,구사즈,1,"champion spoon"
_CO32RsQZ8nhthphzCNJgdJ89QilzBDW9wyC86QF77602Ry0TXrFY0vr,턱광대,1,"champion spoon"
_CObUVNv5imOU4Ao0j3BgSqb-XsEFoAALtYzm2Eh9X--EmnxFRHZAU5J,철이에오,1,"champion spoon"
_CotEV7w8kMd9deJ6EGjdOeU2LQHpG9grf5T_Rp2LddBVME,오니짱탑좀오라고,2,"champion spoon"
_cp-PeSjZjvpwLwjVtGcNWirEKGrRc39Z-K5z7ARw1iB-hk,WYWYWYWYWYW,1,"champion spoon"
_Cp3pDgFCV1U2LjE3GJErSPpjkrk-uH15uAXxG_9LwkYDDg,고먐미만세,1,"champion spoon"
_CPf2pbqLIbCSCQYaI_aGOxt7Bqu4b1l5ohSVfxMEWth4eM,"예원 콩콩이",1,"champion spoon"
_cPHbccr81MZD77F-nnLKlE8qhSYtytAQX6BYQ7VWCEP,KingOG,1,"champion spoon"
_cPkVwzPezXeii7L7QUPckII6-iggaR2r6kpMHfFZdwp,Sundaymorninf,2,"champion spoon"
_CQ9XwYvQiPUAY3G1zPRtJKD8HMS2n5xtnghtXB1t8UTWtw,이태원왕블루,1,"champion spoon"
_cqOeDg3BEuuds0mAyyb9BfQtSbSkHsH4vCb6rS18Ut1,채널고정,1,"champion spoon"
_cRBQr_kw9h8ez_66W0f_eJnTuSvq-xB-lANpoSBkq9J,Zinease,1,"champion spoon"
_cRcOo8y8DhkU3XAgIounsno8JlO1s0Yis6w6qVIm12h,Arder,6,"champion pool"
_CRDNh3lFcKpBVV7fiFrJGuDWlO5dnI3VR-rI4ZrCVJZ,세일러뭉,1,"champion spoon"
_cRp6UIyqmSkMnVPIbmEMTzq9-3LkrowTWs3__nFFOQO,"징 수",2,"champion spoon"
_CRV90BXVN6syC9jvb6oQ-TEjc1Zro-HBD6iYDqy6K33p9s,"한화노조 오다혜",2,"champion spoon"
_CS71NutNGv5xqwJLC2kKGs_VRpV3D_DdPrt447ZWfffVlItMHaT3iVD,"배성우 고추작음",1,"champion spoon"
_CsAC0l4lJ3yNceNqPAaaoULAM3wUxp-kGBkRy_aTJ7DTR4pi5wR-vAe,천익여,1,"champion spoon"
_Csf6cbzwGU1wwfhAwNyEIf0J1nsqiPxwGHe-11pf_nM,찹쌀떡장인모찌찌,1,"champion spoon"
_CtCs-B-N4OOuVa4R093xC_Be6HaH7nqIXl_hvPKasCfBAU,"브금틀면 펜타",1,"champion spoon"
_ctgF7_0ui_5FFqpU8IUmVI_oepKTwh59g2CFZanDXvD,천천히오가는대화,1,"champion spoon"
_CThIfxP3b6lZ-I51FDDPaVAQfBQy-9rMwIcwKl4IbJoWCM,"브론즈 키아나 ",1,"champion spoon"
_cTk3p3B1tDT5opsWyc_NkwYhIgQtjX3kDXcCae4_1v_,휴지왕타닥이,1,"champion spoon"
_CtmozGioePeITf2POL43RPHUngzaTOUYMd0O2wqp22J5WrzOxIaiDJN,"참치의 정원",1,"champion spoon"
_CtRdFt9Xl4LmwD0ducQHDTz9F4gFWISevwj-0i9jMcsBPI,"명지대 박창건",8,"champion pool"
_cTv6JxpnLqScCCuFfYiO6ez0pAxKDvVIRhV9IlR-uTOXMQTo0S3fxiC,"네 곁에 있고싶어",3,"champion spoon"
_CtYDU-aNeHKR-AKRQjxtUsUq1lvXdjl0ipV_3C0Z3V-tv0,내안의열정용솟아,1,"champion spoon"
_CUB201ikVbSsV42pokdAv3mTADUX-QJHf_20UpnmdLGgLc,"푸 글",2,"champion spoon"
_cUn1JVTv3mJ9OX9zQsGKCT8pMeYrAPG500fcBd5AAe0SVI,데스사이트,1,"champion spoon"
_CVasgiKCgiFzwC10fR8g1qHUre09DaSWAAi-EziU_rNui59M1VICRUF,차재식,5,"champion spoon"
_cVbmxGD0Wq2JuoL-OFdM2fFyTAJ0rryIu_jqqZVNCfw,임희찬,1,"champion spoon"
_cVDuSIMBTsQr1sM--vowtp_Esckl4PnDnSF58cegMTPhco,출출해,1,"champion spoon"
_CVH-90TcUwwcZCQSQm05NjsG7pKTqObmSPreK8IpEdiVWg,LeeAun,1,"champion spoon"
_cvnfMkyfdxN0GJ4ivB9e3aZsb_rXCeZ7FHy8gwNOOrq_pU,부추충,1,"champion spoon"
_CvqK8pTRRqyA0c5JfSJduL64fmrUYBTooK0eCvDCNOfpgq09Ln-2n0o,"부케라 햇 야 ",1,"champion spoon"
_cw0tMFlTGcwE15ZSEELCwOyaIHpdqyGqMvUfSyAguKoSlILyEEl8M-Y,"Want Be Good Man",2,"champion spoon"
_CWnMfDM8wP_wV-fiDk2ZRRvU2nBe4X3dPhr-iGMo2w,강원물평창수,19,"champion pool"
_cwqqc-LS_MGjq6KBOSce2UttZc97HyP7OhVk2OYXsbg,노은하,2,"champion spoon"
_Cx-MBGHwV3uagetUnsUIzmjO-MYNr2Ar3qgAQDyVFFucKHD6cnarwyU,"예은 여왕님",1,"champion spoon"
_cXsh3em4J9MQCNHHQZyt7HV4ife2epfC05C_p4Ec5TYwOw,2침대위무법자2,1,"champion spoon"
_CYqQWDfHgPcQOyVdI59G0CwMNr1PgnbYUV3wPxudHrCVwM,점점갈리는어금니,2,"champion spoon"
_czCGjKGw0nJ8MJvq5zYDV9NIzmtX0ToFCkBDYKLPRCZgEI,"화려한 솔로킬님",2,"champion spoon"
_CZxBdmz9ZdG4rYCykuJSjUvjhZWF7huVGSIROR-VxHR,"장민철 fan",1,"champion spoon"
_D-NBvA5Y7NaUQ_sNtxg_kZOl8QZmLKbgHC7diCiN_kc9xAfNYWs1f33,"Lets Run",1,"champion spoon"
_d0_on0NJ5F5GrjwWJEFT7sz1DLRMo7KZJCSZNd0d3hI,야동그만봐,1,"champion spoon"
_D07fhKwFHdXyScMw4SuW3nS-zypVth0BzOHo_HHyEcF,다야갈거야,1,"champion spoon"
_D08CHL4R901do3MTOA1Cs80uaBmQF2hEc9rCoktGOfw,넓고푸른우리강산,1,"champion spoon"
_D230ewGKz9K_2hsETIvaFcvjQZVqDoqFOFYoaEijsO4,다사용중이냐왜,1,"champion spoon"
_d2BtWNa3bamOuQUsa8mKzNQlBJqQWtQkFOVvsxjjlbP,꽃세슘,1,"champion spoon"
_d2h44xpx8-gy9i2-NV_BawtyRwv_Q7_Um8-_IZHNyTfbiU,"밝 음",1,"champion spoon"
_D2QjIT4PUCquI_wAiM8aGG_j5lafYuUfDI5v-fVG5-Rnl8,ansqudwl1,1,"champion spoon"
_D2VtFLeIcG6NzkArmqzNXIDp1mKXDX0w79DZ3JIOETj,NiSiM,1,"champion spoon"
_d2xjDwrobQ4AcZYdLQ2mUY9aBE8FPxKhmJ7xLhFwrKqLl8,용서받지못한인2,1,"champion spoon"
_D3UqD7M2tMwNcFt6NdZQXoHoePnai4uHiasz-tZN65K-ow,여친의분수쇼,1,"champion spoon"
_d4_98bQ6ZqYWrp8kGYqcP1EXGih6-iBZZiYxWncv85c,MoonSur,1,"champion spoon"
_d57Kkz0pAqVhUhpEbHQl2xAGj92ZKzmX7k_pb4WKIHwcWQ,탑으로이상한거함,2,"champion spoon"
_d5lkdseAat22AyQlbg7nxtAGdIf_5KAEKX2qpW1MrxqRbfte_hoIp21,마zzi마zzi,3,"champion spoon"
_d5TobjH5GuofnnKcn-kFLDDO4TDv6e15QGVj1LXoumL,걱정말라요,1,"champion spoon"
_d6coiAiUMxr6sXS6u3L6AS5WXkjkB4jac24ywYLYY6H,성택아일좀하자,1,"champion spoon"
_D76WO7Up4WKmdXUMTjKj05tAbL5snZ87gqX5r_fvuIn,"야한 서폿냄새",2,"champion spoon"
_d7R9SjKi_M6e3zV5bDKQuoh-1YTLXO-GP9p-5pvIoqDnHsHOwVaADTS,삼계진드기,3,"champion spoon"
_dBasPqooh7UrcdYcDtO_hRNiNKij2ZJiXiXJH5yvYeyzDo,ZeroSunny,1,"champion spoon"
_dBJ6ke6x2V9DgVgiHWJnBpjsqjekM-BdLMJjyZMq3wyS9oT53k3WbC6,중3프로지망,28,"champion sea"
_DBQoU0va7DwhfHS058vvoY7Rikg4Yr7FOybF0TLT0dG,유원지깡패,1,"champion spoon"
_dbWhOFYI2T8upRoYJMUy95KTScm8xKdfB1CBVTr6uFtQ0g,강남구청맥도날드,1,"champion spoon"
_dc2TR4NTxD1GSSHEcJE0puZ3M9Qyr48sqetxkjzJ5T0kZDqDpWm0jyX,"유튜브 엔마",1,"champion spoon"
_dc7qIDKYlCs9IHMASp1HBRsLDu1T371-VM58wdz2a4cBCA,싸로롱,1,"champion spoon"
_dCQ7it22lDKo24-F0L6idzzRqjrtpmfyMAKHfBCGG4jyKs,주사위형,1,"champion spoon"
_dCtWAc7MBn4GPuC8zZC-uUradnEuWxKB-_2oVHfzw18DKqEQoNH4dqR,"완 성 s",1,"champion spoon"
_ddFD_ejdukyCuo8CgIMTIdtCaomn8Oz3qNROJ50QQig,늙은피지컬,1,"champion spoon"
_ddlM0MX51ONte1YywloTPNkKRiyV4Kkw2kmBMPFBAwi,야구쟁이야구르트,1,"champion spoon"
_ddM_4v2PCyt8iFuibPFMQYnicDuvBun-zgNhmbOufIA,"SCV 유망주",1,"champion spoon"
_deiAXgnkFHlY964Z02grTW6Vp4ji6yFoheYoBcDi58POeDE2Bdg2kdm,"Small Cat0424",5,"champion spoon"
_denE9TYUfwOvIId9qZFjGhP1whMD81AAu5HZIqHyRqs30k,"xiao ni mama",1,"champion spoon"
_DeOmeC-m6icwr_bMIEslls8OPFbY1kOoDtiJ8lIgoWkOWM,이나카,1,"champion spoon"
_df24ncaQe6cxe2isscFiviJXJl_g1-segST8g_kHHYE,나지뇽,1,"champion spoon"
_dfKjInPpof3VShUThtUQCxZmjLvgvN75XzjWWvHRDm7,"내가제일 애송이",3,"champion spoon"
_DfKPT-Myrt8a9Dhiz4oIXmnpHDzmm2weEyuMfBDy0RR,Pose,7,"champion pool"
_DFOlTiVckO8hiiVU_yWut89hxZBn-tc8SRHeQ2owxnO,"Pink Island",1,"champion spoon"
_dFyN67QxkeMC8o8c7o2e6xkxfKYw1e-5piWsXQSFacU,"건들면 짖어유",2,"champion spoon"
_dg0L4Txl4w-VCKPghJfbgOL6F2PMSDcyCfzMuLD85qJfNM,내가원딜이라니,1,"champion spoon"
_dGcpUnZJpG3nfZwBghGrV-YY7rPYbYUdxTDGAV1qs3n,NamKing,1,"champion spoon"
_Dgj-FEG0hNHkx_4VyaCaAR1iXNOQJkVgkZ_jZiikdfCCc8,민규는고츄가철,1,"champion spoon"
_dGRm2hmFHXcHMwbSIEnBUbxF4gbcfkzik6EUzq2y88,친환경무농약,1,"champion spoon"
_DHkYRdGCjFy0trhPcWIzzr9GfgJcsHU_ZT3l8OaYUS8,"포로왕 킹포로",2,"champion spoon"
_DHP9_EBChjqkzcxMOXBHAxlMeLRSOUWFOZgA9MJ2du9S3A,"극 섹",1,"champion spoon"
_dhzbjsBOimIWufTLp5mgy8jdw54ZQlEW3HVT0SjtnD2V0XtOmGCwuIZ,"D1 D2 no mom dog",18,"champion pool"
_dj7mvOpEbNK88H4pPtmrCPb1anu0t15NMxVjoX6bW1c,암살가,1,"champion spoon"
_djK1SKEVLFb2E1HwxczzIDqs9vdva8QVy1Xh2EacW24,ggojjing,1,"champion spoon"
_DJLpO8e6McipG-ARFzJH-yHPh0H1En-PxRNWVJFo-9t,"오산시 은둔고수",8,"champion pool"
_dJp2-IOqNAQB1HtNf9-U-QiUb2Unlihbgatx3ZlFymNpnk,엉덩이가찰진소년,2,"champion spoon"
_djqhhbh-lfvS8VBsvoBh2LNPGN6vlPcXy9cMGV9UDRPSqc,"대구 항시대기남",1,"champion spoon"
_dKFNNkoK6ALP9VGwoFb9yejZ1IR9NoYFSTAglE99JRA,차가운이루실,1,"champion spoon"
_dkk52sRgMzklyAdX_Zka4ZARtknsvwyTvNP-9IyZJcE,"Youtube 말핏",6,"champion pool"
_dkwFeBRar5_y3WA-AcxScnYGD_CAG0bkpQlirSyGo7i,홍체인식,1,"champion spoon"
_dlCSG9iM7zPSXypLaMbdetHCD-jNEkPSrmk22QFMvi3,"GB Ddubi",1,"champion spoon"
_dlL010fzd2iCNVh3WMBh009FBhtLLL0LUGo2VjhKNohvaU,"상어스시 덮밥",1,"champion spoon"
_dlMdONsS3mF06b_yI1ultr9MrdBy4f23a_SDtF4qZfTOXI,푸시엥,1,"champion spoon"
_DluI9tIXB_x3dgS999lY5137Na6YkasOZBA6NyBEE1oGtQ,나승용,2,"champion spoon"
_dm5bXDGfHTG8PeZ28tKxSSyiecb3a9x7TltX1Sq1Vv16WU,"댕기모링 샴푸",1,"champion spoon"
_Dm6wMRHnRrWyYjLKNM9Ut1v3fya8sh3E7_m0sBhjsaYRjmzCs7lM4BR,아프리카이상호,7,"champion pool"
_dmdCjmeBORwwP1AqMg27VYLXuWzrCtfpF-5394fG27G,VICTORYBRO,1,"champion spoon"
_DnghAH5Oxh2yYHxLAbxx0DdYsobZDzG84LNisSDf3GN,임잘리,2,"champion spoon"
_doNypaQ-5qts4QNrlSI1Q-NW60fHqjgA7I2Vy9pBZFy,개도지,1,"champion spoon"
_dOpK2G2aXv2s0JQ7ASVB0Qm9fweYymuZpd2QodMW9Q8,허룡짱,2,"champion spoon"
_DOSHzqDA6SdoKyAzbA737AgFJwxb8rwU25tTYlPQnls,"chelonia myda",1,"champion spoon"
_DppukphrwRwRvSAjklsxWuU6ZvZcgY7QPT772V_zvKa,카오스하다롤함,1,"champion spoon"
_DPrB-h0IjHXW7apNeYtzEgulAxvIShs2GYmFwdOK4Y,효빠기,1,"champion spoon"
_dPRUwFXpkPGmU9vBMdTHZ-vbO_EzJI1ZoJNcr44CNv2z1o,싫으냥,1,"champion spoon"
_dPYNY2dxtrp4jiiAfUAWVQipDfGNe66sZakmlroCzbsemA,"아 룡",1,"champion spoon"
_dPZzwb7DLEvMeom3nNG13CFhcr0J7m3shZfwfpIUs9nr_4,BaekJS,1,"champion spoon"
_dQFR1ipTsmS8rJmTdLIQGtcHHwC_1PQqd9PxZeQHAXg,"마지막 발악",1,"champion spoon"
_Dqgj4HPpfZeqNndxJqvKJsAn91Cn_Ln2o9GB3RpemPj2TA,Rogigi,1,"champion spoon"
_dQJhBARDbm_qFzKvw6fIKKntFji30zvHkBn0iUepXyzZ9gr-jHD0VAX,BluesHK,1,"champion spoon"
_DR353ofsRuooOQ9fEhwbeZnIBBD7sUMbeUQpq3LPyhF,요이츠의늑대,1,"champion spoon"
_dR3B8JtOGklZHqv2pvW9MQ2FWdsZZe3jltQmfOTaEmS,원딜은벌레,1,"champion spoon"
_DR7D6kTVcG9HyUEVWKtaUyT3bCup7do8ibjha91JrG89oY,"현서리 딜할래",10,"champion pool"
_DRfKjDMxJJuTgvD2lhxNbplEkLFQYPe5SI2IVTiBt2wcco,"Sayonara Memory",1,"champion spoon"
_drITQffiZ7hwWiAZMbybnCcZWlO5WT5AASbMqGJkXhgc8o,"iseo fan",1,"champion spoon"
